,,,Announced Date,Listing date,Ticker,Issuer Name,Offer size,Offer shares,Offer price,Offer Type,Market Cap at Offer (M),Offer To 1st Open,Offer To 1st Close,Market cap,ADV,Bookrunner
SAP CN,2019-08-21,2019-08-21,2019-08-21,2019-08-21,SAP CN,Saputo Inc,346.498,10.102,39.6,"ADDL,Primary Share Offering,Bought Deal,REG S,Rule 144A",12159.9,1.515155435,0.9848523736,12159.9,17.49524145347019,"BMO Capital Markets, National Bank Financial Inc"
LSPD CN,2019-08-12,2019-08-15,2019-08-12,2019-08-15,LSPD CN,Lightspeed POS Inc,164.26,5.3996,35.0,"ADDL,Secondary Share Offering,Rule 144A",0.0,27.94285774,26.02857208,3054.9099,10.926450853403725,"JP Morgan, National Bank Financial Inc, BMO Capital Markets"
NGD CN,2019-08-08,2019-08-08,2019-08-08,2019-08-08,NGD CN,New Gold Inc,113.267,93.75,1.6,"ADDL,Primary Share Offering,Bought Deal,REG S,Rule 144A",812.943,-3.750001431,-1.490116119e-06,812.943,6.219611011949495,BMO Capital Markets
OR CN,2019-06-25,2019-06-25,2019-06-25,2019-06-25,OR CN,Osisko Gold Royalties Ltd,96.4888,7.85,14.1,"ADDL,Secondary Share Offering,PE Backed,PE Exit,Bought Deal",1527.33,-3.829789877,-1.347520351,1527.33,6.152083259144397,"BMO Capital Markets, CIBC"
LABS CN,2019-05-28,2019-05-28,2019-05-28,2019-05-28,LABS CN,MediPharm Labs Corp,55.6029,13.514,5.55,"ADDL,Primary Share Offering,Bought Deal,REG S,Rule 144A",0.0,-1.981985331,-4.684688091,507.5767,12.033443433828657,"BMO Capital Markets, GMP Securities, Scotiabank"
CJR/B CN,2019-05-14,2019-05-14,2019-05-14,2019-05-14,CJR/B CN,Corus Entertainment Inc,407.013,80.6304,6.8,"ADDL,Secondary Share Offering,Bought Deal,REG S,Rule 144A",1052.9,-5.588237762,-6.764708519,1052.9,5.860910777323218,TD Securities
PDL CN,2019-04-04,2019-04-04,2019-04-04,2019-04-04,PDL CN,North American Palladium Ltd,56.1746,5.77,13.0,"ADDL,Secondary Share Offering,Bought Deal,Rule 144A",572.853,-3.307692289,-5.307692528,572.853,2.829082210159322,"BMO Capital Markets, RBC Capital Markets"
SIS CN,2019-04-01,2019-04-01,2019-04-01,2019-04-01,SIS CN,Savaria Corp,53.1076,5.0,14.15,"ADDL,Primary Share Offering,Private Placement,Bought Deal,QIP",0.0,-5.229679585,-5.653707504,511.6885,2.965483247899838,"Cormark Securities Inc, Laurentian Bank of Canada, PI Financial Corp, TD Securities, Desjardins Capital Markets"
NPI CN,2019-03-18,2019-03-18,2019-03-18,2019-03-18,NPI CN,Northland Power Inc,645.585,32.12,23.35,"ADDL,Secondary Share Offering,Bought Deal",3132.01,0.2997842431,1.541754246,3132.01,17.172650610657556,CIBC
ATZ CN,2019-02-19,2019-02-19,2019-02-19,2019-02-19,ATZ CN,Aritzia Inc,249.421,19.505,16.9,"ADDL,Secondary Share Offering,PE Backed,PE Exit,Bought Deal,REG S,Rule 144A",0.0,-4.142009735,-3.076920986,1624.766,5.426812089137223,"RBC Capital Markets, TD Securities, CIBC"
IPL CN,2018-10-30,2018-10-30,2018-10-30,2018-10-30,IPL CN,Inter Pipeline Ltd,152.268,9.62,20.8,"ADDL,Primary Share Offering,Bought Deal",0.0,10.2884655,9.807696342,6177.178,33.77324674879274,TD Securities
AFN CN,2018-10-03,2018-10-03,2018-10-03,2018-10-03,AFN CN,Ag Growth International Inc,89.8185,1.63,61.5,"ADDL,Primary Share Offering,Bought Deal",879.198,-9.317072868,-7.105690956,879.198,2.3173718179327776,"National Bank Financial Inc, CIBC"
EFN CN,2018-10-01,2018-10-01,2018-10-01,2018-10-01,EFN CN,Element Fleet Management Corp,269.695,45.5,6.6,"ADDL,Primary Share Offering,REG S,Rule 144A",0.0,28.78787994,25.00000191,1991.1677,11.779609109600257,"Barclays, BMO Capital Markets, National Bank Financial Inc, RBC Capital Markets, TD Securities, CIBC"
GTII CN,2018-09-25,2018-09-25,2018-09-25,2018-09-25,GTII CN,Green Thumb Industries Inc/CA,78.5262,4.42,20.0,"ADDL,Primary Share Offering,Bought Deal",0.0,17.5,18.54999924,2329.4174,4.496221038577092,GMP Securities
DOO CN,2018-09-11,2018-09-14,2018-09-11,2018-09-14,DOO CN,BRP Inc,408.9,8.7,47.0,"ADDL,Secondary Share Offering,Dual Listing",0.0,-3.661536455,-1.686375737,5611.9662,13.180826205971291,"CIBC, Citi, Desjardins Capital Markets, Goldman Sachs, Morgan Stanley, National Bank Financial Inc, RBC Capital Markets, Robert W Baird & Co, TD Securities, UBS, Wells Fargo, BMO Capital Markets"
STLC CN,2018-09-04,2018-09-05,2018-09-04,2018-09-05,STLC CN,Stelco Holdings Inc,150.003,8.0,22.65,"ADDL,Secondary Share Offering,REG S,Rule 144A",1537.07,1.545255542,3.046359301,1537.07,3.40014756872394,"BMO Capital Markets, Goldman Sachs"
TOY CN,2018-08-07,2018-08-07,2018-08-07,2018-08-07,TOY CN,Spin Master Corp,114.45,2.7948,53.4,"ADDL,Secondary Share Offering,Bought Deal,REG S,Rule 144A",1152.46,-2.528092623,-3.389515877,1152.46,8.268280911361623,"TD Securities, RBC Capital Markets"
SJ CN,2018-07-26,2018-07-26,2018-07-26,2018-07-26,SJ CN,Stella-Jones Inc,408.287,13.1269,40.63,"ADDL,Secondary Share Offering,Private Placement",0.0,9.918776512,7.703664303,2426.1179,7.262148321741489,TD Securities
SJ CN,2018-07-26,2018-07-26,2018-07-26,2018-07-26,SJ CN,Stella-Jones Inc,262.694,8.4459,40.63,"ADDL,Secondary Share Offering,Bought Deal,REG S,Rule 144A",0.0,9.918776512,7.703664303,2426.1179,7.262148321741489,TD Securities
ATZ CN,2018-07-18,2018-07-18,2018-07-18,2018-07-18,ATZ CN,Aritzia Inc,75.9635,6.05,16.55,"ADDL,Secondary Share Offering,PE Backed,PE Exit,Bought Deal",791.002,-3.3232584,-3.444104195,791.002,5.331923151259309,"RBC Capital Markets, CIBC"
TSGI CN,2018-06-18,2018-06-21,2018-06-18,2018-06-21,TSGI CN,Stars Group Inc/The,1092.5,25.0,38.0,"ADDL,Primary Share Offering,Secondary Share Offering,Dual Listing",0.0,-2.118522406,-6.373378277,5496.0671,42.23309648712725,"Barclays, BMO Capital Markets, Deutsche Bank, Goldman Sachs, JP Morgan, Macquarie, Morgan Stanley"
RNW CN,2018-06-13,2018-06-13,2018-06-13,2018-06-13,RNW CN,TransAlta Renewables Inc,115.727,11.86,12.65,"ADDL,Primary Share Offering,Bought Deal",2560.17,-1.264819145,-1.739127517,2560.17,4.624571142638975,"RBC Capital Markets, Scotiabank, CIBC"
APHA CN,2018-06-06,2018-06-06,2018-06-06,2018-06-06,APHA CN,Aphria Inc,200.07,18.9874,11.85,"ADDL,Primary Share Offering,Bought Deal,REG S,Rule 144A",2114.37,4.641346931,0.1687731445,2114.37,52.332607129523126,Clarus Securities
BNS CN,2018-05-31,2018-05-31,2018-05-31,2018-05-31,BNS CN,Bank of Nova Scotia/The,1331.57,19.7,76.15,"ADDL,Primary Share Offering,Bought Deal",0.0,0.1969776452,-0.3808293045,73052.7685,194.60500529858487,Scotiabank
AQN CN,2018-04-24,2018-04-24,2018-04-24,2018-04-24,AQN CN,Algonquin Power & Utilities Co,346.41,37.5,11.85,"ADDL,Primary Share Offering,Private Placement",0.0,5.569616795,4.556958675,4569.0143,27.249039927508473,
STLC CN,2018-03-28,2018-03-28,2018-03-28,2018-03-28,STLC CN,Stelco Holdings Inc,168.709,10.0,21.75,"ADDL,Secondary Share Offering,Bought Deal",0.0,-0.5977011323,-1.057471275,1569.3257,1.9058321554714475,"Goldman Sachs, BMO Capital Markets"
CRON CN,2018-03-21,2018-03-21,2018-03-21,2018-03-21,CRON CN,Cronos Group Inc,88.8111,10.42,9.6,"ADDL,Primary Share Offering,Bought Deal",1286.74,-23.85416985,-25.72916985,1286.74,21.71068241891199,"BMO Capital Markets, GMP Securities"
BBD/B CN,2018-03-05,2018-03-05,2018-03-05,2018-03-05,BBD/B CN,Bombardier Inc,491.909,168.0,3.8,"ADDL,Primary Share Offering,Bought Deal,REG S,Rule 144A",0.0,-0.5263145566,-0.2631566525,6899.636,65.88398933794413,"National Bank Financial Inc, TD Securities, UBS, Credit Suisse"
9944556D CN,2018-02-26,2018-02-26,2018-02-26,2018-02-26,9944556D CN,Industrial Alliance Insurance,117.275,2.5,54.1,"ADDL,Primary Share Offering,Bought Deal,REG S,Rule 144A",0.0,-1.256928802,0.4436257482,4679.7424,14.426020198160415,"National Bank Financial Inc, TD Securities"
IAG CN,2018-02-26,2018-02-26,2018-02-26,2018-02-26,IAG CN,iA Financial Corp Inc,117.275,2.5,54.1,"ADDL,Primary Share Offering,Bought Deal,REG S",0.0,-1.256928802,0.4436257482,4679.7424,14.426020198160415,"National Bank Financial Inc, TD Securities"
SHOP CN,2018-02-20,2018-02-21,2018-02-20,2018-02-21,SHOP CN,Shopify Inc,657.6,4.8,137.0,"ADDL,Primary Share Offering",0.0,0.7452987432,-0.6594588161,14333.3942,72.96417929463887,"Morgan Stanley, Credit Suisse"
CHR CN,2018-02-20,2018-02-20,2018-02-20,2018-02-20,CHR CN,Chorus Aviation Inc,88.7313,11.628,8.6,"ADDL,Primary Share Offering,Bought Deal",942.876,-1.976748586,-4.069771767,942.876,4.83119504455283,"CIBC, RBC Capital Markets"
SJ CN,2018-01-31,2018-01-31,2018-01-31,2018-01-31,SJ CN,Stella-Jones Inc,196.882,5.0,48.5,"ADDL,Secondary Share Offering,Bought Deal,Rule 144A",0.0,-0.70103091,-0.6804123521,2915.667,4.845596299850383,"Morgan Stanley, TD Securities"
TXG CN,2018-01-29,2018-01-29,2018-01-29,2018-01-29,TXG CN,Torex Gold Resources Inc,51.3305,4.37,12.6,"ADDL,Primary Share Offering,Bought Deal",0.0,-6.984129906,-4.12698698,913.3705,8.874593328649986,BMO Capital Markets
SIA CN,2018-01-22,2018-01-22,2018-01-22,2018-01-22,SIA CN,Sienna Senior Living Inc,147.674,9.066,17.65,"ADDL,Primary Share Offering,Bought Deal,REG S,Rule 144A",898.018,-1.303114057,-1.246456742,898.018,3.405238671278219,TD Securities
WEED CN,2018-01-17,2018-01-17,2018-01-17,2018-01-17,WEED CN,Canopy Growth Corp,161.787,5.8,34.6,"ADDL,Primary Share Offering,Bought Deal,REG S,Rule 144A",4869.53,-18.87282944,-21.53178787,4869.53,230.15414940965462,"BMO Capital Markets, GMP Securities"
LB CN,2018-01-08,2018-01-08,2018-01-08,2018-01-08,LB CN,Laurentian Bank of Canada,115.763,2.282,54.8,"ADDL,Primary Share Offering,Bought Deal",0.0,-2.408757687,-3.302918434,1782.5585,20.734552955408606,"BMO Capital Markets, CIBC, TD Securities"
APHA CN,2017-12-13,2017-12-13,2017-12-13,2017-12-13,APHA CN,Aphria Inc,89.3821,7.2727,13.75,"ADDL,Primary Share Offering,Bought Deal,REG S,Rule 144A",1714.92,56.43636322,34.54545593,1714.92,51.81435017869283,Clarus Securities
EMA CN,2017-12-06,2017-12-06,2017-12-06,2017-12-06,EMA CN,Emera Inc,547.311,14.614,47.9,"ADDL,Primary Share Offering,Bought Deal,REG S,Rule 144A",0.0,-1.29436636,-1.920671225,8218.2144,31.221520375567906,"CIBC, Scotiabank, TD Securities, RBC Capital Markets"
FSZ CN,2017-12-05,2017-12-05,2017-12-05,2017-12-05,FSZ CN,Fiera Capital Corp,64.9642,5.77,13.0,"ADDL,Primary Share Offering,Private Placement,Bought Deal,QIP",0.0,-0.3846153915,-1.846153855,854.2854,1.6163714076936655,"Desjardins Capital Markets, GMP Securities, National Bank Financial Inc"
KEY CN,2017-11-30,2017-11-30,2017-11-30,2017-11-30,KEY CN,Keyera Corp,382.804,12.2,35.2,"ADDL,Primary Share Offering,Bought Deal,Rule 144A",0.0,-1.420456648,-0.9375021458,5255.7186,18.173987318197955,RBC Capital Markets
ENF CN,2017-11-29,2017-11-29,2017-11-29,2017-11-29,ENF CN,Enbridge Income Fund Holdings,447.167,17.986,27.8,"ADDL,Primary Share Offering",0.0,6.942449093,5.035974026,3282.0166,18.634603828382545,"RBC Capital Markets, TD Securities, Scotiabank"
LEAF CN,2017-11-14,2017-11-14,2017-11-14,2017-11-14,LEAF CN,MedReleaf Corp,78.8804,6.0726,16.55,"ADDL,Primary Share Offering,Secondary Share Offering,Bought Deal,REG S,Rule 144A",0.0,-4.652563572,-6.344406605,1180.0127,4.762232234989013,GMP Securities
STEP CN,2017-11-13,2017-11-13,2017-11-13,2017-11-13,STEP CN,STEP Energy Services Ltd,57.3419,5.307,12.25,"ADDL,Secondary Share Offering,Bought Deal,REG S,Rule 144A",0.0,-1.142857194,-1.877551079,601.8633,1.0089480062117164,CIBC
AQN CN,2017-11-01,2017-11-01,2017-11-01,2017-11-01,AQN CN,Algonquin Power & Utilities Co,447.152,37.8,13.25,"ADDL,Primary Share Offering,Bought Deal",3967.83,0.6792452931,2.264150858,3967.83,19.401872224359803,"CIBC, TD Securities, Scotiabank"
APHA CN,2017-10-17,2017-10-17,2017-10-17,2017-10-17,APHA CN,Aphria Inc,73.272,11.0345,7.25,"ADDL,Primary Share Offering,Bought Deal,REG S,Rule 144A",875.311,16.82758713,15.3103447,875.311,13.322978521216049,Clarus Securities
SIA CN,2017-10-16,2017-10-16,2017-10-16,2017-10-16,SIA CN,Sienna Senior Living Inc,91.8154,5.731,17.45,"ADDL,Primary Share Offering,Bought Deal,REG S,Rule 144A",736.886,1.318047166,1.489966869,736.886,1.343271005477565,"BMO Capital Markets, TD Securities"
DOO CN,2017-09-26,2017-09-26,2017-09-26,2017-09-26,DOO CN,BRP Inc,350.048,10.0,43.35,"ADDL,Secondary Share Offering,Bought Deal,Rule 144A",0.0,1.499426842,1.545562983,3990.8733,6.527570831100592,"RBC Capital Markets, BMO Capital Markets"
HBM CN,2017-09-07,2017-09-07,2017-09-07,2017-09-07,HBM CN,Hudbay Minerals Inc,199.605,24.0,10.1,"ADDL,Primary Share Offering,Bought Deal,REG S,Rule 144A",0.0,-12.277231220000001,-7.425745964,2100.3502,31.37786788977196,"BMO Capital Markets, Scotiabank, RBC Capital Markets"
OSB CN,2017-08-02,2017-08-02,2017-08-02,2017-08-02,OSB CN,Norbord Inc,119.833,3.55,42.35,"ADDL,Primary Share Offering,Secondary Share Offering,Bought Deal",0.0,-1.605663538,-1.29869771,2999.0817,5.802821005309042,"BMO Capital Markets, RBC Capital Markets"
SVI CN,2017-06-28,2017-06-28,2017-06-28,2017-06-28,SVI CN,StorageVault Canada Inc,103.457,50.944,2.65,"ADDL,Primary Share Offering,Secondary Share Offering,Bought Deal",609.654,-1.886795998,-5.283022404,609.654,1.1840136221536564,"GMP Securities, National Bank Financial Inc"
CCL/B CN,2017-06-15,2017-06-15,2017-06-15,2017-06-15,CCL/B CN,CCL Industries Inc,250.809,5.0,66.65,"ADDL,Secondary Share Offering,Bought Deal,Rule 144A",0.0,-7.411855221,-6.256566525,9115.7973,50.04432867668704,"BMO Capital Markets, Scotiabank"
GOOS CN,2017-06-14,2017-06-27,2017-06-14,2017-06-27,GOOS CN,Canada Goose Holdings Inc,259.139,12.5,27.39,"ADDL,Secondary Share Offering,PE Backed,PE Exit,Dual Listing",745.097,-0.9127396941,-6.389191151,745.097,4.860598102055231,"Credit Suisse, Goldman Sachs, RBC Capital Markets, CIBC"
TOY CN,2017-05-15,2017-05-15,2017-05-15,2017-05-15,TOY CN,Spin Master Corp,109.923,3.681,40.75,"ADDL,Secondary Share Offering,Bought Deal",0.0,-3.26380372,-5.276073456,3147.4697,2.7379851410423703,"TD Securities, RBC Capital Markets"
H CN,2017-05-08,2017-05-08,2017-05-08,2017-05-08,H CN,Hydro One Ltd,2034.71,120.0,23.25,"ADDL,Secondary Share Offering,Bought Deal,Government Exit,REG S,Rule 144A",0.0,-1.075268865,-2.580645084,10433.7686,17.95553327741975,"BMO Capital Markets, CIBC, National Bank Financial Inc, Scotiabank, TD Securities, RBC Capital Markets"
APHA CN,2017-04-25,2017-04-25,2017-04-25,2017-04-25,APHA CN,Aphria Inc,63.405,11.5385,6.5,"ADDL,Primary Share Offering,REG S,Rule 144A",653.37,-9.538461685,-14.61538506,653.37,16.550875706155704,Clarus Securities
PKI CN,2017-04-18,2017-04-18,2017-04-18,2017-04-18,PKI CN,Parkland Fuel Corp,494.31,23.9,27.7,"ADDL,Primary Share Offering,Private Placement,Bought Deal,QIP,REG S,Rule 144A",0.0,11.87725353,16.06497955,2281.6816,8.05942110472541,"National Bank Financial Inc, TD Securities"
CVE CN,2017-03-29,2017-03-29,2017-03-29,2017-03-29,CVE CN,Cenovus Energy Inc,2243.66,187.5,16.0,"ADDL,Primary Share Offering,Bought Deal",0.0,-5.3125,-7.875,10873.7214,65.9443466010611,"JP Morgan, RBC Capital Markets"
ENF CN,2017-03-27,2017-03-27,2017-03-27,2017-03-27,ENF CN,Enbridge Income Fund Holdings,430.192,15.085,33.15,"ADDL,Secondary Share Offering,Bought Deal",0.0,1.990945578,1.26696372,3205.9916,13.683812715113392,"CIBC, Scotiabank, BMO Capital Markets"
NGD CN,2017-02-22,2017-02-22,2017-02-22,2017-02-22,NGD CN,New Gold Inc,172.592,53.6,2.8,"ADDL,Primary Share Offering,Bought Deal",1611.02,2.530322552,-0.1259034127,1611.02,19.68690457876446,"Scotiabank, RBC Capital Markets"
AGI CN,2017-01-25,2017-01-25,2017-01-25,2017-01-25,AGI CN,Alamos Gold Inc,250.027,31.45,7.95,"ADDL,Primary Share Offering,Bought Deal",2373.17,5.759216785,7.393677235,2373.17,13.592131386049525,"BMO Capital Markets, Macquarie, TD Securities"
FVI CN,2017-01-23,2017-01-23,2017-01-23,2017-01-23,FVI CN,Fortuna Silver Mines Inc,74.8049,10.325,6.3,"ADDL,Primary Share Offering,Bought Deal",993.54,-0.3917630613,5.917162895,993.54,8.42451537775415,Raymond James & Associates
TDG CN,2017-01-19,2017-01-19,2017-01-19,2017-01-19,TDG CN,Trinidad Drilling Ltd,112.119,41.2698,3.15,"ADDL,Primary Share Offering,Bought Deal",0.0,-11.11111355,-10.47619343,559.6319,3.1043014771843795,Raymond James & Associates
ATZ CN,2017-01-10,2017-01-10,2017-01-10,2017-01-10,ATZ CN,Aritzia Inc,265.555,20.1,17.45,"ADDL,Primary Share Offering,Secondary Share Offering,PE Backed,PE Exit,Bought Deal,REG S,Rule 144A",0.0,-5.444130421,-6.131809235,1457.3402,1.815357453265479,"Bank of America Merrill Lynch, TD Securities, CIBC"
PSK CN,2016-12-14,2016-12-14,2016-12-14,2016-12-14,PSK CN,PrairieSky Royalty Ltd,219.781,8.0,31.4,"ADDL,Primary Share Offering,Bought Deal,REG S,Rule 144A",5646.81,2.898090363,3.280256033,5646.81,25.604199128977978,TD Securities
FIH/U CN,2016-12-14,2016-12-14,2016-12-14,2016-12-14,FIH/U CN,Fairfax India Holdings Corp,150.001,12.766,11.75,"ADDL,Primary Share Offering,Bought Deal,REG S,Rule 144A",0.0,-2.297872305,-4.170212746,1260.9443,1.7305601983999996,"Scotiabank, TD Securities, RBC Capital Markets"
OTEX CN,2016-12-12,2016-12-13,2016-12-12,2016-12-13,OTEX CN,Open Text Corp,604.223,9.25,61.0,"ADDL,Primary Share Offering,Accelerated Bookbuild,REG S,Rule 144A",8020.91,0.9223419428,1.376063228,8020.91,24.835803166752005,"Citi, RBC Capital Markets, Barclays"
EIF CN,2016-12-12,2016-12-12,2016-12-12,2016-12-12,EIF CN,Exchange Income Corp,74.5188,2.003,42.45,"ADDL,Primary Share Offering,Bought Deal",0.0,-1.012958169,-2.732628345,925.7401,7.503863011446766,"CIBC, Laurentian Bank of Canada, National Bank Financial Inc"
SCL CN,2016-12-07,2016-12-07,2016-12-07,2016-12-07,SCL CN,ShawCor Ltd,130.29,4.575,32.8,"ADDL,Primary Share Offering,Bought Deal",0.0,4.512197495,6.707319736,1657.4555,4.273945384086039,TD Securities
GUD CN,2016-12-06,2016-12-06,2016-12-06,2016-12-06,GUD CN,Knight Therapeutics Inc,75.3218,8.7,10.0,"ADDL,Primary Share Offering,Bought Deal",0.0,0.6000000238,2.5,1000.0538,2.77337760363602,"Cormark Securities Inc, GMP Securities"
9944556D CN,2016-12-05,2016-12-05,2016-12-05,2016-12-05,9944556D CN,Industrial Alliance Insurance,115.614,2.5,55.65,"ADDL,Primary Share Offering,Bought Deal",0.0,-1.16801703,-1.437558889,4415.1946,17.089259385708647,TD Securities
EMA CN,2016-11-28,2016-11-28,2016-11-28,2016-11-28,EMA CN,Emera Inc,257.393,6.63,45.25,"ADDL,Primary Share Offering,Bought Deal,REG S,Rule 144A",0.0,-0.1546961367,-0.3977900445,6836.7588,38.92127230487198,"CIBC, RBC Capital Markets, Scotiabank, TD Securities"
BTE CN,2016-11-22,2016-11-22,2016-11-22,2016-11-22,BTE CN,Baytex Energy Corp,85.4233,19.05,5.25,"ADDL,Primary Share Offering,Bought Deal,REG S,Rule 144A",0.0,36.38095093,36.38095093,821.6374,34.42525650296784,"RBC Capital Markets, Scotiabank"
GTE CN,2016-11-21,2016-11-21,2016-11-21,2016-11-21,GTE CN,Gran Tierra Energy Inc,130.005,43.335,3.0,"ADDL,Primary Share Offering,Bought Deal",1191.41,-3.996427774,-4.740641594,1191.41,7.757985849958572,"Eight Capital, RBC Capital Markets, Scotiabank"
SAP CN,2016-11-09,2016-11-09,2016-11-09,2016-11-09,SAP CN,Saputo Inc,224.029,6.5,46.25,"ADDL,Secondary Share Offering,Bought Deal,REG S,Rule 144A",0.0,0.7783783674,-1.772972941,14070.0683,26.017020978269162,"CIBC, RBC Capital Markets, TD Securities"
TRP CN,2016-11-01,2016-11-01,2016-11-01,2016-11-01,TRP CN,TC Energy Corp,2632.76,54.75,58.5,"ADDL,Primary Share Offering,Bought Deal",0.0,2.752136707,3.213675261,36244.0256,100.48154847984449,"BMO Capital Markets, RBC Capital Markets, TD Securities"
NVA CN,2016-10-11,2016-10-11,2016-10-11,2016-10-11,NVA CN,NuVista Energy Ltd,78.2034,13.14,6.85,"ADDL,Primary Share Offering,Bought Deal,REG S,Rule 144A",892.112,1.021899223,-0.4379548132,892.112,5.72918995192657,"Peters & Co Ltd, RBC Capital Markets"
CPG CN,2016-09-08,2016-09-08,2016-09-08,2016-09-08,CPG CN,Crescent Point Energy Corp,503.296,33.7,19.3,"ADDL,Primary Share Offering,Bought Deal,REG S",0.0,-12.95336437,-9.430047989,7653.8937,43.3296495303261,BMO Capital Markets
EFX CN,2016-08-16,2016-08-16,2016-08-16,2016-08-16,EFX CN,Enerflex Ltd,89.5145,7.785,12.85,"ADDL,Primary Share Offering,Bought Deal,REG S,Rule 144A",881.357,2.568090439,4.04668951,881.357,2.067595198184509,"TD Securities, Scotiabank"
IMG CN,2016-08-08,2016-08-08,2016-08-08,2016-08-08,IMG CN,IAMGOLD Corp,230.089,38.85,5.15,"ADDL,Primary Share Offering,Bought Deal,Dual Listing",0.0,-6.26880455,-6.722342491,2308.1079,26.307985745098236,"Morgan Stanley, National Bank Financial Inc, TD Securities"
SPE CN,2016-08-03,2016-08-03,2016-08-03,2016-08-03,SPE CN,Spartan Energy Corp,61.8502,22.1,3.18,"ADDL,Primary Share Offering,Bought Deal,REG S,Rule 144A",785.505,6.918236732,9.748425484,785.505,5.8500932235160095,Peters & Co Ltd
TOG CN,2016-07-25,2016-07-25,2016-07-25,2016-07-25,TOG CN,TORC Oil & Gas Ltd,65.297,10.64,7.05,"ADDL,Primary Share Offering,Bought Deal,REG S,Rule 144A",965.877,18.01418114,18.72340012,965.877,7.968580183873424,Macquarie
GUY CN,2016-06-27,2016-06-27,2016-06-27,2016-06-27,GUY CN,Guyana Goldfields Inc,110.128,13.83,9.4,"ADDL,Primary Share Offering,Secondary Share Offering,Bought Deal",0.0,-15.21276283,-17.02127266,1081.9294,14.04912509814482,"RBC Capital Markets, Scotiabank, BMO Capital Markets"
SSL CN,2016-06-27,2016-06-27,2016-06-27,2016-06-27,SSL CN,Sandstorm Gold Ltd,57.5002,11.236,4.45,"ADDL,Primary Share Offering,Bought Deal",0.0,11.98799038,5.766435146,664.7451,4.392763369019199,"BMO Capital Markets, National Bank Financial Inc"
BCB CN,2016-06-21,2016-06-21,2016-06-21,2016-06-21,BCB CN,Cott Corp,230.092,13.12,15.25,"ADDL,Primary Share Offering,Bought Deal",2102.38,-8.468676567,-8.367200851,2102.38,8.237378840812452,CIBC
CWB CN,2016-06-16,2016-06-16,2016-06-16,2016-06-16,CWB CN,Canadian Western Bank,115.735,6.125,24.5,"ADDL,Primary Share Offering,Bought Deal,REG S,Rule 144A",0.0,1.102040768,0.8979591727,1593.3006,10.39076665111898,"BMO Capital Markets, National Bank Financial Inc"
EDV CN,2016-06-13,2016-06-13,2016-06-13,2016-06-13,EDV CN,Endeavour Mining Corp,112.569,6.25,20.0,"ADDL,Primary Share Offering,Bought Deal",0.0,22.64999962,11.25,1432.0583,11.222171589277853,BMO Capital Markets
SU CN,2016-06-07,2016-06-07,2016-06-07,2016-06-07,SU CN,Suncor Energy Inc,2249.22,71.5,35.0,"ADDL,Primary Share Offering,Bought Deal",45526.5,0.200000003,3.1428570750000002,45526.5,180.62032221721,"CIBC, JP Morgan, TD Securities"
ALA CN,2016-05-26,2016-05-26,2016-05-26,2016-05-26,ALA CN,AltaGas Ltd,339.041,13.35,30.0,"ADDL,Primary Share Offering,Bought Deal",0.0,5.699999809,3.933333397,3530.4175,12.404155908829463,"BMO Capital Markets, RBC Capital Markets, TD Securities"
BNP CN,2016-05-26,2016-05-26,2016-05-26,2016-05-26,BNP CN,Bonavista Energy Corp,88.5032,29.851,3.35,"ADDL,Primary Share Offering,Bought Deal,Rule 144A",0.0,-2.985071898,-3.582086802,630.8321,4.893705421291581,"TD Securities, CIBC"
GEI CN,2016-05-24,2016-05-24,2016-05-24,2016-05-24,GEI CN,Gibson Energy Inc,175.239,12.95,15.45,"ADDL,Primary Share Offering,Bought Deal",0.0,0.5178005695,1.100324869,1546.2505,9.113971291385676,"RBC Capital Markets, BMO Capital Markets"
CEU CN,2016-05-18,2016-05-18,2016-05-18,2016-05-18,CEU CN,CES Energy Solutions Corp,71.2439,26.67,3.0,"ADDL,Primary Share Offering,Bought Deal",0.0,33.66666794,38.33333206,536.8753,3.6789954688948967,Scotiabank
KEY CN,2016-05-16,2016-05-16,2016-05-16,2016-05-16,KEY CN,Keyera Corp,267.612,8.25,36.35,"ADDL,Primary Share Offering,Bought Deal",0.0,4.704268456,5.144433498,4963.9458,18.955518454873033,RBC Capital Markets
GUD CN,2016-05-11,2016-05-11,2016-05-11,2016-05-11,GUD CN,Knight Therapeutics Inc,179.016,25.0,8.0,"ADDL,Primary Share Offering,Bought Deal,Rule 144A",823.334,8.75,7.625,823.334,1.0899075240011087,GMP Securities
ERF CN,2016-05-10,2016-05-10,2016-05-10,2016-05-10,ERF CN,Enerplus Corp,177.668,29.0,6.9,"ADDL,Primary Share Offering,Bought Deal",0.0,0.579708755,4.492752075,1180.2355,12.791342467991221,"RBC Capital Markets, BMO Capital Markets"
FRU CN,2016-05-02,2016-05-02,2016-05-02,2016-05-02,FRU CN,Freehold Royalties Ltd,151.488,14.286,11.55,"ADDL,Primary Share Offering,Bought Deal,REG S,Rule 144A",1082.94,-1.651384082e-06,1.038959384,1082.94,4.962649358552126,"CIBC, TD Securities, RBC Capital Markets"
PEY CN,2016-04-28,2016-04-28,2016-04-28,2016-04-28,PEY CN,Peyto Exploration & Developmen,137.471,4.6875,32.0,"ADDL,Primary Share Offering,Bought Deal,REG S,Rule 144A",0.0,-0.84375,0.53125,4158.6667,19.81301621789025,BMO Capital Markets
MTL CN,2016-04-26,2016-04-26,2016-04-26,2016-04-26,MTL CN,Mullen Group Ltd,118.385,9.775,13.3,"ADDL,Primary Share Offering,Bought Deal",0.0,7.744359493,7.669171333,1011.7628,3.1294128485566217,TD Securities
DHX CN,2016-04-26,2016-04-26,2016-04-26,2016-04-26,DHX CN,DHX Media Ltd,51.4708,8.667,7.5,"ADDL,Primary Share Offering,Bought Deal",0.0,0.6666666865,-0.2666666806,778.8687,1.8492042688297885,Canaccord Genuity
ENF CN,2016-04-11,2016-04-11,2016-04-11,2016-04-11,ENF CN,Enbridge Income Fund Holdings,445.768,17.699,28.25,"ADDL,Primary Share Offering",0.0,3.362831831,3.469026566,2260.7341,9.491237490115727,"BMO Capital Markets, CIBC, Scotiabank"
H CN,2016-04-05,2016-04-05,2016-04-05,2016-04-05,H CN,Hydro One Ltd,1495.75,72.4348,23.65,"ADDL,Primary Share Offering,Secondary Share Offering,Bought Deal,Government Exit,REG S,Rule 144A",10683.9,-1.099364161,-1.310780644,10683.9,10.117190620821114,"BMO Capital Markets, CIBC, National Bank Financial Inc, Scotiabank, TD Securities, RBC Capital Markets"
SMF CN,2016-04-04,2016-04-04,2016-04-04,2016-04-04,SMF CN,SEMAFO Inc,88.2347,23.0,4.35,"ADDL,Primary Share Offering,Bought Deal,REG S,Rule 144A",0.0,7.586209297,4.367818356,1063.0768,10.882290208744136,BMO Capital Markets
WPM CN,2016-03-30,2016-03-30,2016-03-30,2016-03-30,WPM CN,Wheaton Precious Metals Corp,632.548,33.135,16.6,"ADDL,Primary Share Offering,Bought Deal",0.0,-0.2825042903,-0.375264734,7111.1934,46.104421540293266,"BMO Capital Markets, CIBC, RBC Capital Markets, Scotiabank"
PPL CN,2016-03-17,2016-03-17,2016-03-17,2016-03-17,PPL CN,Pembina Pipeline Corp,265.348,8.825,34.0,"ADDL,Primary Share Offering,Bought Deal",9993.23,0.0,2.323529482,9993.23,44.221500646043914,"RBC Capital Markets, Scotiabank"
TOU CN,2016-03-14,2016-03-14,2016-03-14,2016-03-14,TOU CN,Tourmaline Oil Corp,211.191,9.0,27.11,"ADDL,Primary Share Offering,Bought Deal,REG S,Rule 144A",4727.54,-7.451127052,-3.467357397,4727.54,30.8036510949498,Peters & Co Ltd
SES CN,2016-03-02,2016-03-02,2016-03-02,2016-03-02,SES CN,Secure Energy Services Inc,111.228,17.0,7.65,"ADDL,Primary Share Offering,Bought Deal,REG S,Rule 144A",880.202,14.90195942,11.24182892,880.202,5.401813885124568,"GMP Securities, Raymond James & Associates"
BCB CN,2016-03-01,2016-03-01,2016-03-01,2016-03-01,BCB CN,Cott Corp,150.627,11.1,11.8,"ADDL,Primary Share Offering,Bought Deal",1447.53,9.281773567,7.63079977,1447.53,4.585626210321263,"Barclays, CIBC"
ENB CN,2016-02-24,2016-02-24,2016-02-24,2016-02-24,ENB CN,Enbridge Inc,1673.09,49.14,40.7,"ADDL,Primary Share Offering,Bought Deal",27148.3,15.62653351,14.86486244,27148.3,176.68520024503965,"BMO Capital Markets, CIBC, Credit Suisse, Scotiabank, TD Securities, RBC Capital Markets"
K CN,2016-02-24,2016-02-24,2016-02-24,2016-02-24,K CN,Kinross Gold Corp,287.73,83.4,3.0,"ADDL,Primary Share Offering,Bought Deal",0.0,1.888449669,0.1317523122,3619.6874,22.019024149543355,"Scotiabank, TD Securities"
WCP CN,2016-02-23,2016-02-23,2016-02-23,2016-02-23,WCP CN,Whitecap Resources Inc,68.9449,13.77,6.9,"ADDL,Primary Share Offering,Bought Deal",0.0,15.50724506,18.98550606,1535.686,38.03009494716841,National Bank Financial Inc
PVG CN,2016-02-23,2016-02-23,2016-02-23,2016-02-23,PVG CN,Pretium Resources Inc,129.999,26.21,4.58,"ADDL,Primary Share Offering",0.0,-0.406606257,2.522611141,654.7605,3.1118617042704426,"RBC Capital Markets, Scotiabank, CIBC"
FFH CN,2016-02-22,2016-02-22,2016-02-22,2016-02-22,FFH CN,Fairfax Financial Holdings Ltd,537.006,1.0,735.0,"ADDL,Primary Share Offering,Bought Deal",0.0,-3.293877602,-3.278911591,13185.0458,29.617987861014615,"CIBC, RBC Capital Markets, BMO Capital Markets"
MAG CN,2016-02-22,2016-02-22,2016-02-22,2016-02-22,MAG CN,MAG Silver Corp,74.7578,8.905,7.3,"ADDL,Primary Share Offering,Bought Deal",0.0,-4.435287476,-1.576514125,555.2794,1.8142543718997044,"BMO Capital Markets, Raymond James & Associates, Scotiabank"
AAV CN,2016-02-18,2016-02-18,2016-02-18,2016-02-18,AAV CN,Advantage Oil & Gas Ltd,72.899,11.75,7.45,"ADDL,Primary Share Offering,Bought Deal,Rule 144A",0.0,-6.040266037,-3.355702162,890.1138,5.787474268590722,GMP Securities
RRX CN,2016-02-17,2016-02-17,2016-02-17,2016-02-17,RRX CN,Raging River Exploration Inc,78.9695,11.0,8.65,"ADDL,Primary Share Offering,Bought Deal,Rule 144A",0.0,9.595380783,9.595380783,1413.7654,12.161249118180885,GMP Securities
FNV CN,2016-02-10,2016-02-10,2016-02-10,2016-02-10,FNV CN,Franco-Nevada Corp,920.06,16.72,47.85,"ADDL,Primary Share Offering,Bought Deal",0.0,18.98519325,21.68385696,7924.2478,48.43258968373333,"BMO Capital Markets, CIBC, RBC Capital Markets, Scotiabank"
VII CN,2016-02-09,2016-02-09,2016-02-09,2016-02-09,VII CN,Seven Generations Energy Ltd,216.951,21.4286,14.0,"ADDL,Primary Share Offering,Private Placement,Bought Deal,QIP",0.0,11.21428585,10.85714245,2645.7088,14.451248330252206,"RBC Capital Markets, Peters & Co Ltd"
ZZZ CN,2015-11-30,2015-11-30,2015-11-30,2015-11-30,ZZZ CN,Sleep Country Canada Holdings,138.546,10.0,18.5,"ADDL,Secondary Share Offering,PE Backed,PE Exit,Bought Deal",520.088,-8.702702522,-6.270270348,520.088,2.5165639580862695,"BMO Capital Markets, TD Securities"
ACQ CN,2015-11-24,2015-11-24,2015-11-24,2015-11-24,ACQ CN,AutoCanada Inc,56.5346,2.95,25.5,"ADDL,Primary Share Offering,Accelerated Bookbuild,Bought Deal,REG S,Rule 144A",0.0,-18.3921566,-12.43137264,504.7087,5.408547019936436,"Scotiabank, RBC Capital Markets"
BCE CN,2015-11-23,2015-11-23,2015-11-23,2015-11-23,BCE CN,BCE Inc,646.03,13.14,57.1,"ADDL,Primary Share Offering,Accelerated Bookbuild,Bought Deal,REG S",0.0,-5.394042969,-4.41330719,36867.1982,111.55143062310952,"CIBC, National Bank Financial Inc, RBC Capital Markets, TD Securities, BMO Capital Markets"
AQN CN,2015-11-23,2015-11-23,2015-11-23,2015-11-23,AQN CN,Algonquin Power & Utilities Co,112.16,14.335,10.45,"ADDL,Primary Share Offering,Accelerated Bookbuild,Bought Deal,REG S",0.0,-0.5741608739,0.8612458706,1914.9008,8.045724227300669,"CIBC, TD Securities"
PPL CN,2015-11-10,2015-11-10,2015-11-10,2015-11-10,PPL CN,Pembina Pipeline Corp,347.267,13.335,30.0,"ADDL,Primary Share Offering,Accelerated Bookbuild,Bought Deal",8056.69,5.333333492,3.900000095,8056.69,36.31013978927252,"RBC Capital Markets, Scotiabank"
ENF CN,2015-10-13,2015-10-13,2015-10-13,2015-10-13,ENF CN,Enbridge Income Fund Holdings,538.361,21.475,32.6,"ADDL,Primary Share Offering,Accelerated Bookbuild",0.0,-6.564412594,-5.858891487,1856.1541,7.446093878215737,"RBC Capital Markets, Scotiabank, TD Securities, BMO Capital Markets, CIBC"
SPB CN,2015-10-06,2015-10-06,2015-10-06,2015-10-06,SPB CN,Superior Plus Corp,110.229,12.0773,10.35,"ADDL,Primary Share Offering,Accelerated Bookbuild,Bought Deal,REG S,Rule 144A",0.0,6.666662693,10.82125187,1001.4687,4.132495721143909,"JP Morgan, National Bank Financial Inc"
NA CN,2015-10-01,2015-10-01,2015-10-01,2015-10-01,NA CN,National Bank of Canada,226.142,7.16,41.9,"ADDL,Primary Share Offering,Accelerated Bookbuild,Bought Deal",0.0,0.09546174854,-2.219573975,10723.9651,71.70189258999964,National Bank Financial Inc
ADVZ CN,2015-09-21,2015-09-24,2015-09-21,2015-09-24,ADVZ CN,Advanz Pharma Corp,520.0,8.0,65.0,"ADDL,Primary Share Offering,Accelerated Bookbuild",0.0,-32.57091522,-30.65762138,2450.1186,45.77441298460444,"Credit Suisse, Jefferies, RBC Capital Markets, Goldman Sachs"
ALA CN,2015-09-21,2015-09-21,2015-09-21,2015-09-21,ALA CN,AltaGas Ltd,226.386,8.76,34.25,"ADDL,Primary Share Offering,Accelerated Bookbuild,Bought Deal",0.0,-3.065693378,-4.437956333,3636.5067,13.778662109732332,"BMO Capital Markets, TD Securities"
EIF CN,2015-08-27,2015-08-27,2015-08-27,2015-08-27,EIF CN,Exchange Income Corp,56.8436,3.019,24.85,"ADDL,Primary Share Offering,Accelerated Bookbuild,Bought Deal",517.467,-1.126762033,-1.207244992,517.467,2.1758282384295606,"Laurentian Bank of Canada, National Bank Financial Inc"
WSP CN,2015-08-25,2015-08-25,2015-08-25,2015-08-25,WSP CN,WSP Global Inc,151.145,4.142,42.25,"ADDL,Primary Share Offering,Accelerated Bookbuild,Bought Deal",3069.45,1.301775098,3.124260426,3069.45,11.361682815305805,"Raymond James & Associates, TD Securities, CIBC"
TCN CN,2015-07-28,2015-07-28,2015-07-28,2015-07-28,TCN CN,Tricon Capital Group Inc,115.992,13.158,11.4,"ADDL,Primary Share Offering,Accelerated Bookbuild,Bought Deal",915.806,1.754389405,4.298249245,915.806,4.403513518005704,"GMP Securities, RBC Capital Markets"
AD CN,2015-06-25,2015-06-25,2015-06-25,2015-06-25,AD CN,Alaris Royalty Corp,93.1579,3.2797,30.5,"ADDL,Primary Share Offering,Accelerated Bookbuild,Bought Deal,REG S,Rule 144A",887.981,2.819672108,3.4426229,887.981,3.7605253040977122,"Acumen Capital Finance Partners Ltd, RBC Capital Markets"
PSK CN,2015-06-15,2015-06-15,2015-06-15,2015-06-15,PSK CN,PrairieSky Royalty Ltd,160.884,5.76,31.25,"ADDL,Primary Share Offering,Accelerated Bookbuild,Bought Deal",3952.76,-3.039999962,-4.032000065,3952.76,19.76941815766245,CIBC
THO CN,2015-06-15,2015-06-15,2015-06-15,2015-06-15,THO CN,Tahoe Resources Inc,811.318,58.0517,17.2,"ADDL,Secondary Share Offering,Accelerated Bookbuild,Bought Deal",0.0,-10.81395721,-11.62791061,3365.3686,12.29745429843486,"BMO Capital Markets, GMP Securities"
KEL CN,2015-06-15,2015-06-15,2015-06-15,2015-06-15,KEL CN,Kelt Exploration Ltd,70.2924,8.5,8.85,"ADDL,Primary Share Offering,Accelerated Bookbuild,Bought Deal",1200.19,-5.19774437,-7.118648052,1200.19,6.6666898422646055,Peters & Co Ltd
TOU CN,2015-06-01,2015-06-01,2015-06-01,2015-06-01,TOU CN,Tourmaline Oil Corp,153.817,4.25,39.5,"ADDL,Primary Share Offering,Bought Deal",6582.96,-2.556962013,-0.9367088675,6582.96,22.850588718962495,Peters & Co Ltd
CPG CN,2015-05-26,2015-05-26,2015-05-26,2015-05-26,CPG CN,Crescent Point Energy Corp,530.979,21.06,28.5,"ADDL,Primary Share Offering,Bought Deal,REG S,Rule 144A",0.0,-2.0,-4.456140518,10811.5267,61.784392648792625,"BMO Capital Markets, Scotiabank"
FM CN,2015-05-20,2015-05-21,2015-05-20,2015-05-21,FM CN,First Quantum Minerals Ltd,1177.8,76.923,16.25,"ADDL,Primary Share Offering",9178.31,7.323076725,6.400000095,9178.31,71.31551734535138,"Goldman Sachs, RBC Capital Markets"
AOI CN,2015-05-01,2015-05-01,2015-05-01,2015-05-01,AOI CN,Africa Oil Corp,99.7948,52.6234,2.31,"ADDL,Primary Share Offering,Best Efforts,Private Placement",0.0,15.15151787,11.25541401,801.4749,1.1870229179862732,
BAM/A CN,2015-04-20,2015-04-20,2015-04-20,2015-04-20,BAM/A CN,Brookfield Asset Management In,1150.18,17.86,56.0,"ADDL,Primary Share Offering,Bought Deal",0.0,-0.6155691147,-0.9272120595,36459.373,66.14117423952919,"Citi, Deutsche Bank, RBC Capital Markets, CIBC"
PXT CN,2015-04-15,2015-04-15,2015-04-15,2015-04-15,PXT CN,Parex Resources Inc,110.646,13.0,9.15,"ADDL,Primary Share Offering,Bought Deal,Rule 144A",1107.51,4.153009892,7.650277615,1107.51,5.024101996253342,Scotiabank
FRU CN,2015-04-14,2015-04-14,2015-04-14,2015-04-14,FRU CN,Freehold Royalties Ltd,298.319,18.0,18.0,"ADDL,Primary Share Offering,Bought Deal",1412.19,-1.833333373,-1.777777791,1412.19,4.181837717285811,"CIBC, RBC Capital Markets"
HBC CN,2015-04-08,2015-04-08,2015-04-08,2015-04-08,HBC CN,Hudson's Bay Co,290.626,11.6,27.25,"ADDL,Secondary Share Offering,Bought Deal,REG S,Rule 144A",3967.24,-2.42201829,-3.669724703,3967.24,22.846527677094844,"BMO Capital Markets, RBC Capital Markets"
NVA CN,2015-04-07,2015-04-07,2015-04-07,2015-04-07,NVA CN,NuVista Energy Ltd,72.0694,11.465,7.85,"ADDL,Primary Share Offering,Bought Deal",0.0,12.35668945,13.88535213,910.8216,2.9114843861514292,"Peters & Co Ltd, RBC Capital Markets"
PEY CN,2015-03-25,2015-03-25,2015-03-25,2015-03-25,PEY CN,Peyto Exploration & Developmen,137.848,4.38,34.25,"ADDL,Primary Share Offering,Bought Deal,REG S,Rule 144A",4343.93,6.56934309,8.233576775,4343.93,16.798827248283562,BMO Capital Markets
CPX CN,2015-03-25,2015-03-25,2015-03-25,2015-03-25,CPX CN,Capital Power Corp,180.09,9.0,23.85,"ADDL,Secondary Share Offering,Bought Deal,Government Exit,REG S,Rule 144A",1598.47,1.048216462,2.431864262,1598.47,8.800572113284453,"CIBC, TD Securities"
BTE CN,2015-03-11,2015-03-11,2015-03-11,2015-03-11,BTE CN,Baytex Energy Corp,495.142,31.7,17.35,"ADDL,Primary Share Offering,Bought Deal,REG S",2713.83,19.13544464,23.45820999,2713.83,51.67564958750285,"RBC Capital Markets, Scotiabank"
ECA CN,2015-03-04,2015-03-04,2015-03-04,2015-03-04,ECA CN,Encana Corp,1156.76,85.6165,14.6,"ADDL,Primary Share Offering,Bought Deal",9864.65,2.123285055,0.1369836777,9864.65,69.88727862740843,"Scotiabank, Credit Suisse, RBC Capital Markets"
SES CN,2015-03-04,2015-03-04,2015-03-04,2015-03-04,SES CN,Secure Energy Services Inc,159.331,12.2867,14.65,"ADDL,Primary Share Offering,Bought Deal,REG S,Rule 144A",1575.63,5.802050591,7.508535385,1575.63,8.329328462958426,"GMP Securities, Raymond James & Associates"
WPM CN,2015-03-02,2015-03-02,2015-03-02,2015-03-02,WPM CN,Wheaton Precious Metals Corp,800.011,38.93,20.55,"ADDL,Primary Share Offering,Bought Deal",0.0,-9.070142746,-7.714715004,7738.3306,41.519608556263975,Scotiabank
NPI CN,2015-02-24,2015-02-24,2015-02-24,2015-02-24,NPI CN,Northland Power Inc,183.202,13.75,16.0,"ADDL,Primary Share Offering,Bought Deal",0.0,5.1875,5.0625,1945.6821,6.31689841557578,"BMO Capital Markets, National Bank Financial Inc, CIBC"
FFH CN,2015-02-19,2015-02-19,2015-02-19,2015-02-19,FFH CN,Fairfax Financial Holdings Ltd,598.287,1.0,650.0,"ADDL,Primary Share Offering,Bought Deal,Rule 144A",0.0,1.738461494,1.923076868,12378.2733,26.52998671083835,BMO Capital Markets
CVE CN,2015-02-17,2015-02-17,2015-02-17,2015-02-17,CVE CN,Cenovus Energy Inc,1211.48,67.5,22.25,"ADDL,Primary Share Offering,Bought Deal",0.0,-1.168539286,-0.04494382069,14197.2672,83.24320136312501,"TD Securities, RBC Capital Markets"
AOI CN,2015-02-12,2015-02-13,2015-02-12,2015-02-13,AOI CN,Africa Oil Corp,125.024,57.0,2.74,"ADDL,Primary Share Offering,Best Efforts,Private Placement,QIP",0.0,-9.124088287,-10.94890499,760.081,1.294693766249831,"Pareto Securities, Eight Capital"
CR CN,2015-02-09,2015-02-09,2015-02-09,2015-02-09,CR CN,Crew Energy Inc,80.2262,16.667,6.0,"ADDL,Primary Share Offering,Bought Deal",0.0,-4.166666508,-5.166666508,631.7404,8.10008566974016,GMP Securities
HBC CN,2015-01-22,2015-01-22,2015-01-22,2015-01-22,HBC CN,Hudson's Bay Co,93.3893,4.26,23.6,"ADDL,Secondary Share Offering,Bought Deal",0.0,-0.5084761977,1.652540684,3589.047,8.260373584388654,RBC Capital Markets
DGC CN,2015-01-21,2015-01-21,2015-01-21,2015-01-21,DGC CN,Detour Gold Corp,130.95,11.0,12.8,"ADDL,Primary Share Offering,Private Placement,Bought Deal,QIP,Rule 144A",1765.57,-9.609375954,-10.15625095,1765.57,31.359467832598376,BMO Capital Markets
1457122D CN,2015-01-21,2015-01-21,2015-01-21,2015-01-21,1457122D CN,Romarco Minerals Inc,242.648,517.3,0.58,"ADDL,Primary Share Offering,Bought Deal",582.87,2.877465704e-06,2.877465704e-06,582.87,3.212300513449874,"Cormark Securities Inc, BMO Capital Markets"
RRX CN,2015-01-14,2015-01-14,2015-01-14,2015-01-14,RRX CN,Raging River Exploration Inc,73.7906,12.0,6.4,"ADDL,Primary Share Offering,Private Placement,Bought Deal,QIP",1027.77,24.37499809,25.15624809,1027.77,12.521709615837658,"Peters & Co Ltd, GMP Securities"
YRI CN,2015-01-12,2015-01-12,2015-01-12,2015-01-12,YRI CN,Yamana Gold Inc,250.703,49.1,5.3,"ADDL,Primary Share Offering,Bought Deal",0.0,-0.9433997869,3.962260485,4190.977,25.01949151242148,"National Bank Financial Inc, Canaccord Genuity"
ARX CN,2015-01-07,2015-01-07,2015-01-07,2015-01-07,ARX CN,ARC Resources Ltd,339.791,15.53,22.55,"ADDL,Primary Share Offering,Bought Deal",0.0,-0.04434251785,2.394681931,6279.0926,43.807856743722155,RBC Capital Markets
PVG CN,2014-12-11,2014-12-11,2014-12-11,2014-12-11,PVG CN,Pretium Resources Inc,70.1403,12.8368,6.3,"ADDL,Primary Share Offering,Best Efforts,Private Placement",0.0,36.50793076,38.41269302,708.2639,3.373634983123818,
GUD CN,2014-12-03,2014-12-03,2014-12-03,2014-12-03,GUD CN,Knight Therapeutics Inc,87.9534,12.8828,6.75,"ADDL,Primary Share Offering,Bought Deal",550.606,1.037037015,2.222222328,550.606,1.8985845502205263,GMP Securities
AQN CN,2014-12-02,2014-12-02,2014-12-02,2014-12-02,AQN CN,Algonquin Power & Utilities Co,87.7992,10.055,9.95,"ADDL,Primary Share Offering,Bought Deal,Rule 144A",0.0,-4.723616123,-6.130651474,1990.8491,6.83629809145623,"CIBC, Scotiabank"
DH CN,2014-11-12,2014-11-12,2014-11-12,2014-11-12,DH CN,DH Corp,178.25,4.83,36.25,"ADDL,Primary Share Offering,Bought Deal,Rule 144A",2772.62,0.02758620679,0.4965517223,2772.62,9.826732811399326,"TD Securities, CIBC"
PONY CN,2014-11-12,2014-11-12,2014-11-12,2014-11-12,PONY CN,Painted Pony Energy Ltd,56.0386,4.587,12.0,"ADDL,Primary Share Offering,Bought Deal",1055.75,-23.16666603,-21.75,1055.75,9.31377483954153,Cormark Securities Inc
AGT CN,2014-10-22,2014-10-22,2014-10-22,2014-10-22,AGT CN,AGT Food & Ingredients Inc,71.3926,2.858,28.0,"ADDL,Primary Share Offering,Bought Deal",575.962,-2.178571463,-1.428571463,575.962,3.5524075195067497,"GMP Securities, Cormark Securities Inc"
SCL CN,2014-09-10,2014-09-10,2014-09-10,2014-09-10,SCL CN,ShawCor Ltd,210.124,3.65,54.85,"ADDL,Primary Share Offering,Bought Deal",0.0,-2.096624374,-2.461255312,3073.7939,13.340931371824436,TD Securities
PSK CN,2014-09-08,2014-09-08,2014-09-08,2014-09-08,PSK CN,PrairieSky Royalty Ltd,2337.65,70.2,36.5,"ADDL,Secondary Share Offering,Bought Deal",0.0,-4.136986256,-4.1095891,4517.5623,6.065970741180242,"TD Securities, RBC Capital Markets, CIBC, BMO Capital Markets"
AQN CN,2014-09-04,2014-09-04,2014-09-04,2014-09-04,AQN CN,Algonquin Power & Utilities Co,158.765,16.86,8.9,"ADDL,Primary Share Offering,Bought Deal",0.0,-0.6741530299,-0.5617935061,1726.2713,4.394635618754207,"TD Securities, CIBC"
CPG CN,2014-09-02,2014-09-02,2014-09-02,2014-09-02,CPG CN,Crescent Point Energy Corp,732.539,17.29,43.4,"ADDL,Secondary Share Offering,Bought Deal",0.0,-7.534565449,-7.926270485,17271.1007,61.869224880464124,"Scotiabank, BMO Capital Markets"
CJ CN,2014-09-02,2014-09-02,2014-09-02,2014-09-02,CJ CN,Cardinal Energy Ltd,180.828,10.0,19.75,"ADDL,Primary Share Offering,Bought Deal",0.0,-8.658227921,-4.607594967,869.0563,7.1704270908566095,"RBC Capital Markets, CIBC"
WEF CN,2014-08-20,2014-08-20,2014-08-20,2014-08-20,WEF CN,Western Forest Products Inc,210.103,80.0,2.5,"ADDL,Secondary Share Offering,Bought Deal",0.0,4.800000191,-1.600000024,924.3867,5.891427899538503,"CIBC, Scotiabank"
ALA CN,2014-08-19,2014-08-19,2014-08-19,2014-08-19,ALA CN,AltaGas Ltd,420.651,7.85,51.0,"ADDL,Primary Share Offering,Bought Deal",0.0,1.098039269,3.117647171,5974.9988,15.224381967060996,"BMO Capital Markets, RBC Capital Markets, TD Securities"
FNV CN,2014-08-13,2014-08-13,2014-08-13,2014-08-13,FNV CN,Franco-Nevada Corp,500.406,8.375,59.75,"ADDL,Primary Share Offering,Bought Deal",0.0,-6.856025696,-6.458432198,8948.9105,42.72057035135651,"BMO Capital Markets, CIBC, RBC Capital Markets"
CJ CN,2014-07-31,2014-07-31,2014-07-31,2014-07-31,CJ CN,Cardinal Energy Ltd,149.44,8.0,18.5,"ADDL,Primary Share Offering,Bought Deal",0.0,1.621621609,3.243243217,676.0033,4.243997198961639,"RBC Capital Markets, CIBC"
PVG CN,2014-07-21,2014-07-22,2014-07-21,2014-07-22,PVG CN,Pretium Resources Inc,69.0345,8.28,7.25,"ADDL,Primary Share Offering,Secondary Share Offering,Bought Deal",843.41,-1.699230671,-3.343902349,843.41,4.187248945244453,Scotiabank
SII CN,2014-06-30,2014-06-30,2014-06-30,2014-06-30,SII CN,Sprott Inc,64.6915,20.0,3.0,"ADDL,Secondary Share Offering,Bought Deal",0.0,-3.0,-3.666666746,705.4574,1.0733343875966124,"Scotiabank, TD Securities"
POU CN,2014-06-26,2014-06-26,2014-06-26,2014-06-26,POU CN,Paramount Resources Ltd,258.161,4.6,60.0,"ADDL,Primary Share Offering,Bought Deal",0.0,-3.883333445,-4.683333397,5608.6219,13.115097061058432,BMO Capital Markets
POU CN,2014-06-26,2014-06-26,2014-06-26,2014-06-26,POU CN,Paramount Resources Ltd,62.6321,0.9,74.4,"ADDL,Primary Share Offering",0.0,-22.48656082,-23.1317215,5608.6219,13.115097061058432,BMO Capital Markets
CEU CN,2014-06-26,2014-06-26,2014-06-26,2014-06-26,CEU CN,CES Energy Solutions Corp,70.3635,2.15,32.65,"ADDL,Primary Share Offering",2139.53,-6.217462063,-4.379790306,2139.53,11.093651561674607,Scotiabank
MAG CN,2014-06-26,2014-06-26,2014-06-26,2014-06-26,MAG CN,MAG Silver Corp,80.7076,7.32,10.25,"ADDL,Primary Share Offering,Bought Deal",657.974,-7.317073345,-2.146341562,657.974,2.89533031453045,"Raymond James & Associates, BMO Capital Markets"
ACQ CN,2014-06-25,2014-06-25,2014-06-25,2014-06-25,ACQ CN,AutoCanada Inc,375.597,4.49,78.0,"ADDL,Primary Share Offering,Secondary Share Offering,Bought Deal",1775.44,-7.038461685,-4.0,1775.44,17.447082436803754,"Scotiabank, RBC Capital Markets"
FRU CN,2014-06-25,2014-06-25,2014-06-25,2014-06-25,FRU CN,Freehold Royalties Ltd,122.923,4.65,26.9,"ADDL,Primary Share Offering,Bought Deal",1855.83,-2.936801672,-2.750927925,1855.83,4.102929070394419,CIBC
DSG CN,2014-06-24,2014-06-26,2014-06-24,2014-06-26,DSG CN,Descartes Systems Group Inc/Th,147.488,9.5,13.5,"ADDL,Primary Share Offering",0.0,6.720723629,5.048858643,905.2571,2.65342295297265,"Barclays, GMP Securities, Morgan Stanley"
ENB CN,2014-06-18,2014-06-18,2014-06-18,2014-06-18,ENB CN,Enbridge Inc,423.222,7.86,50.9,"ADDL,Primary Share Offering,Secondary Share Offering,Bought Deal",0.0,-0.4911621213,-0.530454874,39456.3159,115.3215798810312,"Credit Suisse, RBC Capital Markets"
BNP CN,2014-06-18,2014-06-18,2014-06-18,2014-06-18,BNP CN,Bonavista Energy Corp,184.767,12.1,16.6,"ADDL,Primary Share Offering,Bought Deal",0.0,-8.433736801,-10.54217052,3155.2233,12.075289861322235,CIBC
CIX CN,2014-05-28,2014-05-28,2014-05-28,2014-05-28,CIX CN,CI Financial Corp,2405.74,72.0,31.6,"ADDL,Secondary Share Offering,Bought Deal",0.0,9.936707497,10.47468185,8820.8861,17.712628205949105,"Scotiabank, GMP Securities, RBC Capital Markets"
BXE CN,2014-05-27,2014-05-27,2014-05-27,2014-05-27,BXE CN,Bellatrix Exploration Ltd,158.785,15.8,9.5,"ADDL,Primary Share Offering,Bought Deal",0.0,1.578947425,-0.1052631587,1622.5666,30.22201765940107,"Eight Capital, Canaccord Genuity"
SPE CN,2014-05-27,2014-05-27,2014-05-27,2014-05-27,SPE CN,Spartan Energy Corp,137.535,34.67,3.75,"ADDL,Primary Share Offering,Bought Deal",901.104,11.46666622,13.60000038,901.104,14.354559841511422,Peters & Co Ltd
KEY CN,2014-05-20,2014-05-20,2014-05-20,2014-05-20,KEY CN,Keyera Corp,291.813,3.75,73.75,"ADDL,Primary Share Offering,Bought Deal",0.0,-0.0677966103,-0.4338982999,5494.1362,12.028108814584929,RBC Capital Markets
TOU CN,2014-05-14,2014-05-14,2014-05-14,2014-05-14,TOU CN,Tourmaline Oil Corp,62.6436,1.0,68.15,"ADDL,Primary Share Offering,Private Placement,Bought Deal,QIP",0.0,-20.76302528,-20.02934837,9977.1986,33.73848650593331,Peters & Co Ltd
MNW CN,2014-05-13,2014-05-13,2014-05-13,2014-05-13,MNW CN,Corp Mitel Networks,86.5117,7.4,12.3,"ADDL,Secondary Share Offering,Bought Deal",0.0,-2.032521963,-1.544716954,1157.2238,1.5267970064120837,"Cormark Securities Inc, CIBC"
HBC CN,2014-05-12,2014-05-12,2014-05-12,2014-05-12,HBC CN,Hudson's Bay Co,128.649,7.87,17.8,"ADDL,Secondary Share Offering,Bought Deal",0.0,-2.584265471,-3.089883566,3025.2448,8.720888215496865,"Bank of America Merrill Lynch, BMO Capital Markets, RBC Capital Markets, TD Securities, CIBC"
CNE CN,2014-05-06,2014-05-06,2014-05-06,2014-05-06,CNE CN,Canacol Energy Ltd,132.027,15.823,7.9,"ADDL,Primary Share Offering,Secondary Share Offering,Bought Deal",796.097,-5.0632925029999996,-7.215190887,796.097,6.1431827947690225,Canaccord Genuity
GXO CN,2014-05-05,2014-05-05,2014-05-05,2014-05-05,GXO CN,Granite Oil Corp,57.8877,5.41,11.1,"ADDL,Primary Share Offering,Bought Deal",896.87,-3.873877287,-5.135138512,896.87,8.673969406401996,"Macquarie, Cormark Securities Inc"
LRE CN,2014-04-30,2014-04-30,2014-04-30,2014-04-30,LRE CN,Long Run Exploration Ltd,61.8284,12.6546,5.35,"ADDL,Secondary Share Offering,Bought Deal",539.16,3.177572012,5.607478619,539.16,7.405423651517754,"Macquarie, National Bank Financial Inc"
DRM CN,2014-04-08,2014-04-08,2014-04-08,2014-04-08,DRM CN,DREAM Unlimited Corp,52.8987,3.2,15.7,"ADDL,Primary Share Offering,Bought Deal",0.0,-4.140126228,-4.585986137,1135.7495,1.6232450085786034,TD Securities
VSN CN,2014-03-25,2014-03-25,2014-03-25,2014-03-25,VSN CN,Veresen Inc,254.744,15.0,16.5,"ADDL,Primary Share Offering,Bought Deal",0.0,1.515151501,1.030303001,3040.2662,15.639347547764872,"Scotiabank, CIBC, TD Securities"
AVO CN,2014-03-21,2014-03-21,2014-03-21,2014-03-21,AVO CN,Avigilon Corp,89.2943,3.4483,29.0,"ADDL,Primary Share Offering",0.0,-0.8620689511,-1.655172467,1148.3838,9.16412952775876,GMP Securities
IPL CN,2014-03-17,2014-03-17,2014-03-17,2014-03-17,IPL CN,Inter Pipeline Ltd,271.902,10.4,28.9,"ADDL,Primary Share Offering,Bought Deal",0.0,-0.4152235985,0.1384096295,8080.2208,48.99308947373344,TD Securities
WSP CN,2014-03-12,2014-03-12,2014-03-12,2014-03-12,WSP CN,WSP Global Inc,186.275,5.333,33.75,"ADDL,Primary Share Offering,Bought Deal",1849.21,5.925925732,9.09629631,1849.21,3.110015249201809,"CIBC, Raymond James & Associates"
TKM CN,2014-03-10,2014-03-13,2014-03-10,2014-03-13,TKM CN,Arbutus Biopharma Corp,54.5657,2.125,28.5,"ADDL,Primary Share Offering",0.0,5.719298363,2.596491337,565.3399,2.7015037708045404,SVB Leerink LLC
KEL CN,2014-03-05,2014-03-05,2014-03-05,2014-03-05,KEL CN,Kelt Exploration Ltd,102.625,8.5,11.6,"ADDL,Primary Share Offering,Private Placement,Bought Deal,QIP",0.0,10.60344505,10.51723766,1228.8191,7.673358569105154,Peters & Co Ltd
P CN,2014-03-05,2014-03-05,2014-03-05,2014-03-05,P CN,Primero Mining Corp,202.994,31.1512,7.2,"ADDL,Secondary Share Offering,Bought Deal",0.0,6.944447041,8.472225189,754.7719,6.632828190252144,Canaccord Genuity
PXX CN,2014-02-25,2014-02-25,2014-02-25,2014-02-25,PXX CN,BlackPearl Resources Inc,70.7814,26.5,2.65,"ADDL,Primary Share Offering,Bought Deal",798.195,-2.641512871,-0.3773620725,798.195,1.3192048424496883,GMP Securities
NPI CN,2014-02-24,2014-02-24,2014-02-24,2014-02-24,NPI CN,Northland Power Inc,142.226,9.375,16.0,"ADDL,Primary Share Offering,Bought Deal",0.0,2.1875,2.0,1961.6847,4.821282573888265,"BMO Capital Markets, CIBC"
OPT CN,2014-02-24,2014-02-24,2014-02-24,2014-02-24,OPT CN,Optiva Inc,67.7261,12.8205,5.85,"ADDL,Primary Share Offering,Bought Deal",573.831,-9.230768204,-7.008545399,573.831,2.8454064819551306,
DGC CN,2014-02-18,2014-02-18,2014-02-18,2014-02-18,DGC CN,Detour Gold Corp,157.628,16.22,9.25,"ADDL,Primary Share Offering,Bought Deal",1325.11,7.135135174,6.702702522,1325.11,24.760108149996753,"RBC Capital Markets, BMO Capital Markets"
TOU CN,2014-01-21,2014-01-21,2014-01-21,2014-01-21,TOU CN,Tourmaline Oil Corp,199.216,4.0,47.5,"ADDL,Primary Share Offering,Bought Deal",8196.91,2.16842103,4.568420887,8196.91,25.2314288112721,Peters & Co Ltd
PEY CN,2014-01-16,2014-01-16,2014-01-16,2014-01-16,PEY CN,Peyto Exploration & Developmen,146.906,4.42,34.0,"ADDL,Primary Share Offering,Bought Deal",4776.9,-1.470588207,-0.1470588297,4776.9,13.081319493814972,BMO Capital Markets
CUS CN,2014-01-16,2014-01-16,2014-01-16,2014-01-16,CUS CN,Chemtrade Electrochem Inc,137.386,26.8,5.6,"ADDL,Primary Share Offering,Bought Deal",926.098,0.7142874002,5.535716057,926.098,7.2742157280253,"BMO Capital Markets, CIBC, Scotiabank, National Bank Financial Inc"
U CN,2014-01-16,2014-01-16,2014-01-16,2014-01-16,U CN,Uranium Participation Corp,52.6896,9.15,5.47,"ADDL,Primary Share Offering,Bought Deal",585.216,-1.828149796,-0.3656269014,585.216,3.087638680497957,Cormark Securities Inc
WEF CN,2014-01-14,2014-01-14,2014-01-14,2014-01-14,WEF CN,Western Forest Products Inc,83.2998,39.0506,1.98,"ADDL,Primary Share Offering,Secondary Share Offering,Bought Deal",0.0,18.68686676,14.64646339,744.0537,4.284727275868664,"CIBC, Scotiabank"
DOO CN,2014-01-13,2014-01-13,2014-01-13,2014-01-13,DOO CN,BRP Inc,276.141,8.7,30.0,"ADDL,Secondary Share Offering,PE Backed,PE Exit,Bought Deal",2218.06,-6.633333206,-7.733333111,2218.06,2.845079393946918,"Citi, RBC Capital Markets, UBS, BMO Capital Markets"
HBM CN,2014-01-09,2014-01-09,2014-01-09,2014-01-09,HBM CN,Hudbay Minerals Inc,159.16,18.2,8.25,"ADDL,Primary Share Offering,Bought Deal",0.0,8.606060982,7.151515007,1359.3065,5.629407983288188,"GMP Securities, BMO Capital Markets"
DHX CN,2013-12-12,2013-12-12,2013-12-12,2013-12-12,DHX CN,DHX Media Ltd,125.362,28.3638,4.7,"ADDL,Secondary Share Offering,PE Backed,PE Exit,Bought Deal",511.905,13.19149399,13.61702633,511.905,2.988218832241805,Canaccord Genuity
EMA CN,2013-12-10,2013-12-10,2013-12-10,2013-12-10,EMA CN,Emera Inc,235.502,7.8,28.85,"ADDL,Primary Share Offering,Bought Deal",0.0,6.065856457,6.308490753,3711.4382,12.909791735265992,"CIBC, RBC Capital Markets, TD Securities, Scotiabank"
EFN CN,2013-12-09,2013-12-09,2013-12-09,2013-12-09,EFN CN,Element Fleet Management Corp,432.547,29.1,13.75,"ADDL,Primary Share Offering,Bought Deal",0.0,2.618181705,1.454545498,2095.0398,13.937919403982693,
PTM CN,2013-12-09,2013-12-09,2013-12-09,2013-12-09,PTM CN,Platinum Group Metals Ltd,164.721,148.5,1.18,"ADDL,Primary Share Offering,Bought Deal",611.478,8.474580765,1.694919825,611.478,1.396449427030736,"GMP Securities, BMO Capital Markets"
MEG CN,2013-11-29,2013-11-29,2013-11-29,2013-11-29,MEG CN,MEG Energy Corp,147.751,5.0,31.4,"ADDL,Secondary Share Offering,PE Backed,PE Exit,Bought Deal",6574.97,-5.095540047,-5.509552956,6574.97,31.754361655595876,BMO Capital Markets
TDG CN,2013-11-26,2013-11-26,2013-11-26,2013-11-26,TDG CN,Trinidad Drilling Ltd,163.476,15.0,10.0,"ADDL,Primary Share Offering,Bought Deal",1308.95,-0.5,-2.099999905,1308.95,6.899294577908559,Raymond James & Associates
SES CN,2013-11-26,2013-11-26,2013-11-26,2013-11-26,SES CN,Secure Energy Services Inc,104.246,6.2314,15.35,"ADDL,Primary Share Offering,Bought Deal",1688.56,7.426707268,7.947880268,1688.56,6.332211097573468,"GMP Securities, Raymond James & Associates"
MBT CN,2013-11-19,2013-11-19,2013-11-19,2013-11-19,MBT CN,Manitoba Telecom Services Inc,237.497,8.855,28.1,"ADDL,Primary Share Offering,Bought Deal",2060.4,2.526689053,5.08896637,2060.4,14.885287224429824,"CIBC, Scotiabank"
AVO CN,2013-11-13,2013-11-13,2013-11-13,2013-11-13,AVO CN,Avigilon Corp,65.9835,2.4898,24.1,"ADDL,Primary Share Offering,Bought Deal",1045.24,27.80082703,29.41908455,1045.24,4.5458809779167915,"BMO Capital Markets, Cantor Fitzgerald, CIBC, National Bank Financial Inc, PI Financial Corp, RBC Capital Markets, GMP Securities"
NVA CN,2013-11-12,2013-11-12,2013-11-12,2013-11-12,NVA CN,NuVista Energy Ltd,74.4732,11.0,7.1,"ADDL,Primary Share Offering,Bought Deal",913.312,-0.7042239904,0.5633816123,913.312,4.517866716896249,Peters & Co Ltd
FFH CN,2013-11-06,2013-11-06,2013-11-06,2013-11-06,FFH CN,Fairfax Financial Holdings Ltd,413.469,1.0,431.0,"ADDL,Primary Share Offering,Bought Deal",0.0,-1.15545249,-0.9559164643,8614.4853,18.96039345070336,"CIBC, BMO Capital Markets"
ABX CN,2013-10-31,2013-10-31,2013-10-31,2013-10-31,ABX CN,Barrick Gold Corp,3002.21,163.5,19.15,"ADDL,Primary Share Offering,Bought Deal",21300.2,-0.626629889,-1.305481076,21300.2,119.44766719087744,"Barclays, GMP Securities, RBC Capital Markets"
WCP CN,2013-10-30,2013-10-30,2013-10-30,2013-10-30,WCP CN,Whitecap Resources Inc,62.1631,5.417,12.0,"ADDL,Primary Share Offering,Bought Deal",1976.21,-2.583333254,-0.5833333135,1976.21,21.923895939028164,National Bank Financial Inc
RRX CN,2013-10-29,2013-10-29,2013-10-29,2013-10-29,RRX CN,Raging River Exploration Inc,74.8806,14.0,5.6,"ADDL,Primary Share Offering,Bought Deal",913.314,2.142858982,5.714287281,913.314,7.176713533653861,GMP Securities
AOI CN,2013-10-16,2013-10-16,2013-10-16,2013-10-16,AOI CN,Africa Oil Corp,450.796,56.5052,8.25,"ADDL,Primary Share Offering,Best Efforts,Private Placement,QIP",0.0,13.939394,14.060606,2054.8369,3.918306004505161,"Citi, Eight Capital, Pareto Securities"
BXE CN,2013-10-15,2013-10-15,2013-10-15,2013-10-15,BXE CN,Bellatrix Exploration Ltd,168.707,21.875,8.0,"ADDL,Primary Share Offering,Bought Deal",1013.4,-0.625,-1.5,1013.4,13.50171716249156,"Eight Capital, Canaccord Genuity"
CPX CN,2013-10-01,2013-10-01,2013-10-01,2013-10-01,CPX CN,Capital Power Corp,195.122,9.6,21.0,"ADDL,Primary Share Offering,Secondary Share Offering,Bought Deal,Government Exit",0.0,-2.095238209,-0.7142857313,1480.2118,4.435229886681359,"CIBC, Scotiabank, RBC Capital Markets"
TET CN,2013-09-30,2013-09-30,2013-09-30,2013-09-30,TET CN,Paramount Resources TEC Ltd,194.318,0.0,28.5,"ADDL,Primary Share Offering,Bought Deal",2741.1,-0.7017543912,-0.4912280738,2741.1,9.5406170456495,BMO Capital Markets
GS CN,2013-09-25,2013-09-25,2013-09-25,2013-09-25,GS CN,Gluskin Sheff + Associates Inc,118.035,6.4,19.0,"ADDL,Secondary Share Offering,Bought Deal",0.0,0.0,1.052631617,588.0517,2.3709407147368062,"TD Securities, RBC Capital Markets"
IVN CN,2013-09-23,2013-09-23,2013-09-23,2013-09-23,IVN CN,Ivanhoe Mines Ltd,105.089,54.0,2.0,"ADDL,Primary Share Offering,Best Efforts,Private Placement",0.0,6.5,6.5,1299.0073,2.121186135575189,
DOO CN,2013-09-19,2013-09-19,2013-09-19,2013-09-19,DOO CN,BRP Inc,217.429,8.0,27.85,"ADDL,Secondary Share Offering,PE Backed,PE Exit,Bought Deal",790.983,-3.123879194,-3.913825274,790.983,2.0139339709065958,"Citi, RBC Capital Markets, UBS, BMO Capital Markets"
TOU CN,2013-09-16,2013-09-16,2013-09-16,2013-09-16,TOU CN,Tourmaline Oil Corp,139.518,3.0,41.75,"ADDL,Primary Share Offering,Bought Deal",0.0,-4.191616535,-5.868263245,7459.8662,23.572554521195702,Peters & Co Ltd
IPL CN,2013-09-16,2013-09-16,2013-09-16,2013-09-16,IPL CN,Inter Pipeline Ltd,334.216,11.93,25.15,"ADDL,Primary Share Offering,Bought Deal",0.0,-0.5964199901,-1.192841411,6980.9324,13.688744326726885,TD Securities
IFP CN,2013-09-11,2013-09-11,2013-09-11,2013-09-11,IFP CN,Interfor Corp,83.4866,6.25,12.0,"ADDL,Primary Share Offering,Bought Deal",0.0,-1.083333373,-1.333333373,674.8327,2.204918901431012,"Raymond James & Associates, RBC Capital Markets"
KEL CN,2013-08-06,2013-08-06,2013-08-06,2013-08-06,KEL CN,Kelt Exploration Ltd,88.6832,10.0,8.0,"ADDL,Primary Share Offering,Private Placement,Bought Deal,QIP",0.0,-2.75,0.0,658.4771,2.6448249809613653,Peters & Co Ltd
EFN CN,2013-05-31,2013-05-31,2013-05-31,2013-05-31,EFN CN,Element Fleet Management Corp,290.235,25.75,10.15,"ADDL,Primary Share Offering,Private Placement,Bought Deal,QIP",0.0,7.881777287,9.950742722,1330.9244,12.28029544809027,"Barclays, BMO Capital Markets, GMP Securities"
DGC CN,2013-05-21,2013-05-21,2013-05-21,2013-05-21,DGC CN,Detour Gold Corp,171.732,17.5,8.75,"ADDL,Primary Share Offering,Bought Deal",1177.76,20.0,22.171428679999998,1177.76,18.63914119862521,BMO Capital Markets
ACQ CN,2013-05-17,2013-05-17,2013-05-17,2013-05-17,ACQ CN,AutoCanada Inc,128.761,4.6,25.0,"ADDL,Secondary Share Offering",0.0,12.35999966,9.279999733,544.881,2.7420993614957543,RBC Capital Markets
CUS CN,2013-05-13,2013-05-13,2013-05-13,2013-05-13,CUS CN,Chemtrade Electrochem Inc,113.882,11.84,8.45,"ADDL,Primary Share Offering,Bought Deal",0.0,7.100594044,5.443789482,1169.7956,4.809486405670911,"National Bank Financial Inc, Scotiabank, CIBC"
POU CN,2013-05-09,2013-05-09,2013-05-09,2013-05-09,POU CN,Paramount Resources Ltd,150.607,3.5,37.5,"ADDL,Primary Share Offering,Bought Deal",3520.28,-1.200000048,0.5333333611,3520.28,7.860627974239548,BMO Capital Markets
WCP CN,2013-05-02,2013-05-02,2013-05-02,2013-05-02,WCP CN,Whitecap Resources Inc,100.012,9.279,9.7,"ADDL,Primary Share Offering",1391.52,8.247425079,12.37113667,1391.52,20.055894402260858,GMP Securities
ANV CN,2013-04-30,2013-04-30,2013-04-30,2013-04-30,ANV CN,Hycroft Mining Corp,150.5,14.0,10.75,"ADDL,Primary Share Offering,Bought Deal",1116.81,-13.14329433,-11.76169205,1116.81,5.573575470918231,"Eight Capital, Cormark Securities Inc"
ENB CN,2013-04-04,2013-04-04,2013-04-04,2013-04-04,ENB CN,Enbridge Inc,592.589,10.85,46.11,"ADDL,Primary Share Offering,Bought Deal",0.0,1.171111226,0.6723040342,36963.8949,122.55132721867551,"Scotiabank, RBC Capital Markets"
ALA CN,2013-03-25,2013-03-25,2013-03-25,2013-03-25,ALA CN,AltaGas Ltd,448.636,11.615,34.9,"ADDL,Primary Share Offering,Bought Deal",0.0,-0.4298037887,0.6303681135,3608.7777,12.078601404667113,"RBC Capital Markets, TD Securities"
OSB CN,2013-03-25,2013-03-25,2013-03-25,2013-03-25,OSB CN,Norbord Inc,122.611,3.3,33.0,"ADDL,Secondary Share Offering,Bought Deal",1686.51,-0.06060606241,-4.0,1686.51,6.388129924238021,"CIBC, Scotiabank, TD Securities"
9991111D CN,2013-03-13,2013-03-13,2013-03-13,2013-03-13,9991111D CN,Maxar Technologies Ltd,280.073,3.605,69.4,"ADDL,Primary Share Offering",2468.84,-0.3314142823,0.1440900117,2468.84,10.294784048581453,"BMO Capital Markets, TD Securities, RBC Capital Markets"
PPL CN,2013-03-12,2013-03-12,2013-03-12,2013-03-12,PPL CN,Pembina Pipeline Corp,336.389,9.745,30.8,"ADDL,Primary Share Offering,Bought Deal",0.0,1.428573966,1.233768702,9010.8219,32.03426517044932,"RBC Capital Markets, Scotiabank"
SPB CN,2013-03-07,2013-03-07,2013-03-07,2013-03-07,SPB CN,Superior Plus Corp,139.808,11.27,11.1,"ADDL,Primary Share Offering,Bought Deal",1338.69,5.225221634,7.207203388,1338.69,4.934017337494757,"CIBC, National Bank Financial Inc, Scotiabank"
TOU CN,2013-02-20,2013-02-20,2013-02-20,2013-02-20,TOU CN,Tourmaline Oil Corp,193.646,5.0,34.25,"ADDL,Primary Share Offering,Private Placement,Bought Deal,QIP",6110.04,8.729927063,10.74452591,6110.04,24.101001320719227,Peters & Co Ltd
EFN CN,2013-02-20,2013-02-20,2013-02-20,2013-02-20,EFN CN,Element Fleet Management Corp,170.012,19.4,7.75,"ADDL,Primary Share Offering,Bought Deal",955.723,13.41935444,13.41935444,955.723,9.017383940040894,"Barclays, BMO Capital Markets, GMP Securities"
9944556D CN,2013-02-19,2013-02-19,2013-02-19,2013-02-19,9944556D CN,Industrial Alliance Insurance,233.287,6.0,37.5,"ADDL,Primary Share Offering,Bought Deal",0.0,-2.640000105,-1.333333373,3468.5692,10.313710121240186,"BMO Capital Markets, National Bank Financial Inc"
ENF CN,2013-02-13,2013-02-13,2013-02-13,2013-02-13,ENF CN,Enbridge Income Fund Holdings,95.3474,3.82,25.0,"ADDL,Secondary Share Offering,Bought Deal",1410.02,-0.2399999946,-0.5600000024,1410.02,2.7259928303320327,"RBC Capital Markets, CIBC"
MEG CN,2012-12-10,2012-12-10,2012-12-10,2012-12-10,MEG CN,MEG Energy Corp,405.313,12.125,33.0,"ADDL,Primary Share Offering,Bought Deal",7337.26,-6.515151501,-7.757575989,7337.26,19.096277998764332,"Barclays, Credit Suisse, RBC Capital Markets, BMO Capital Markets"
MEG CN,2012-12-10,2012-12-10,2012-12-10,2012-12-10,MEG CN,MEG Energy Corp,405.186,12.1212,33.0,"ADDL,Primary Share Offering,Private Placement,QIP",7337.26,-6.515151501,-7.757575989,7337.26,19.096277998764332,"Credit Suisse, BMO Capital Markets"
PONY CN,2012-12-07,2012-12-10,2012-12-07,2012-12-10,PONY CN,Painted Pony Energy Ltd,174.386,14.78,10.15,"ADDL,Primary Share Offering",905.318,2.364535809,1.083747625,905.318,2.097448729400973,Cormark Securities Inc
OGC CN,2012-12-03,2012-12-03,2012-12-03,2012-12-03,OGC CN,OceanaGold Corp,93.8821,30.0,3.11,"ADDL,Primary Share Offering,Bought Deal",917.498,-11.57555962,-11.25401592,917.498,2.465218283507882,"Citi, Macquarie"
CUS CN,2012-11-29,2012-11-29,2012-11-29,2012-11-29,CUS CN,Chemtrade Electrochem Inc,86.9422,9.5,7.9,"ADDL,Primary Share Offering,Bought Deal",0.0,3.670884848,9.620251656,998.833,1.5348653941238675,"CIBC, National Bank Financial Inc, Scotiabank"
AOI CN,2012-11-28,2012-11-28,2012-11-28,2012-11-28,AOI CN,Africa Oil Corp,234.257,30.0,7.75,"ADDL,Primary Share Offering,Best Efforts,Private Placement",0.0,-8.25806427,-9.419354439,1812.5849,6.355551511651375,
EMA CN,2012-11-26,2012-11-26,2012-11-26,2012-11-26,EMA CN,Emera Inc,202.627,5.135,34.1,"ADDL,Primary Share Offering,Bought Deal",0.0,4.47471848e-06,0.586514771,4239.8902,9.343105418846175,"CIBC, RBC Capital Markets, Scotiabank, TD Securities"
DGC CN,2012-11-20,2012-11-20,2012-11-20,2012-11-20,DGC CN,Detour Gold Corp,114.201,4.0,26.5,"ADDL,Primary Share Offering,Bought Deal",3121.04,-11.05660343,-9.056603432,3121.04,15.564161238050945,BMO Capital Markets
PEY CN,2012-11-20,2012-11-20,2012-11-20,2012-11-20,PEY CN,Peyto Exploration & Developmen,115.28,4.025,24.85,"ADDL,Primary Share Offering,Bought Deal",3698.84,-3.420524597,-2.857144356,3698.84,12.751063159280523,BMO Capital Markets
NKO CN,2012-11-19,2012-11-19,2012-11-19,2012-11-19,NKO CN,Niko Resources Ltd,108.173,12.0,8.5,"ADDL,Primary Share Offering,Bought Deal",598.596,-0.2352941185,0.5882353187,598.596,9.678722292197923,RBC Capital Markets
RR CN,2012-11-19,2012-11-19,2012-11-19,2012-11-19,RR CN,Rainy River Resources Ltd,57.6755,10.455,5.5,"ADDL,Primary Share Offering,Bought Deal",548.295,-11.81818199,-9.454545021,548.295,4.021938405590931,"BMO Capital Markets, National Bank Financial Inc"
1287366D CN,2012-11-12,2012-11-12,2012-11-12,2012-11-12,1287366D CN,CGL Buritica Ltd,86.357,7.86,9.55,"ADDL,Primary Share Offering,Bought Deal",1201.78,-5.654452324,-9.738222122,1201.78,8.794330648032792,Eight Capital
EFN CN,2012-11-09,2012-11-09,2012-11-09,2012-11-09,EFN CN,Element Fleet Management Corp,110.186,19.5,5.65,"ADDL,Primary Share Offering,Private Placement,Bought Deal,QIP",0.0,8.849555969,8.849555969,500.6305,2.0211767326651424,"Barclays, BMO Capital Markets, GMP Securities"
CPG CN,2012-11-01,2012-11-01,2012-11-01,2012-11-01,CPG CN,Crescent Point Energy Corp,802.327,18.75,40.0,"ADDL,Primary Share Offering,Bought Deal",14898.8,-2.775000095,-2.549999952,14898.8,124.85511878055965,"RBC Capital Markets, BMO Capital Markets"
POU CN,2012-09-10,2012-09-10,2012-09-10,2012-09-10,POU CN,Paramount Resources Ltd,61.4666,1.936,31.0,"ADDL,Primary Share Offering",2849.63,1.645161271,2.709677458,2849.63,3.548281420953463,BMO Capital Markets
STP CN,2012-09-10,2012-09-10,2012-09-10,2012-09-10,STP CN,Southern Pacific Resource Corp,82.6058,51.725,1.45,"ADDL,Primary Share Offering,Bought Deal",583.664,-3.448279142,-0.689658463,583.664,1.4347367915707732,"RBC Capital Markets, BMO Capital Markets"
TA CN,2012-09-04,2012-09-04,2012-09-04,2012-09-04,TA CN,TransAlta Corp,308.105,19.25,14.3,"ADDL,Primary Share Offering,Bought Deal",0.0,-0.2797216177,3.566432238,3423.2215,18.106315707142414,"RBC Capital Markets, CIBC"
BNS CN,2012-08-29,2012-08-29,2012-08-29,2012-08-29,BNS CN,Bank of Nova Scotia/The,1755.8,29.0,52.0,"ADDL,Primary Share Offering,Bought Deal",0.0,1.346153855,1.692307711,60399.0589,171.73238244645427,Scotiabank
SAP CN,2012-08-28,2012-08-28,2012-08-28,2012-08-28,SAP CN,Saputo Inc,130.973,3.1,41.7,"ADDL,Secondary Share Offering,Bought Deal",0.0,-2.877699614,-2.086332798,8675.8481,15.969972485561428,"BMO Capital Markets, National Bank Financial Inc"
BNP CN,2012-08-28,2012-08-28,2012-08-28,2012-08-28,BNP CN,Bonavista Energy Corp,349.894,18.2,16.5,"ADDL,Primary Share Offering,Bought Deal",2764.28,0.0,1.575757623,2764.28,12.707153897342735,"CIBC, TD Securities"
CPG CN,2012-08-09,2012-08-09,2012-08-09,2012-08-09,CPG CN,Crescent Point Energy Corp,637.792,13.42,41.0,"ADDL,Primary Share Offering,Bought Deal",14260.5,-1.756097555,-0.02439024299,14260.5,47.20314600084422,"CIBC, BMO Capital Markets"
TOU CN,2012-08-08,2012-08-08,2012-08-08,2012-08-08,TOU CN,Tourmaline Oil Corp,134.165,4.0,29.0,"ADDL,Primary Share Offering,Bought Deal",0.0,-5.724137783,-4.896551609,4563.8028,17.151249971987728,Peters & Co Ltd
ARX CN,2012-08-01,2012-08-01,2012-08-01,2012-08-01,ARX CN,ARC Resources Ltd,344.519,12.685,23.65,"ADDL,Primary Share Offering,Bought Deal",7229.22,-1.564480424,-1.437630534,7229.22,31.665585684676177,RBC Capital Markets
ATD/B CN,2012-07-24,2012-07-24,2012-07-24,2012-07-24,ATD/B CN,Alimentation Couche-Tard Inc,337.88,6.35,47.25,"ADDL,Primary Share Offering,Bought Deal",0.0,5.248677254,7.830688,8367.7132,23.236412781762926,"HSBC, Scotiabank, UBS, National Bank Financial Inc"
SES CN,2012-07-24,2012-07-24,2012-07-24,2012-07-24,SES CN,Secure Energy Services Inc,84.459,9.5541,7.85,"ADDL,Primary Share Offering,Bought Deal",0.0,10.19108391,9.936306953,739.1906,1.1825827076021314,"GMP Securities, Raymond James & Associates"
BDI CN,2012-07-05,2012-07-05,2012-07-05,2012-07-05,BDI CN,Black Diamond Group Ltd,60.0833,2.5,22.15,"ADDL,Primary Share Offering,Bought Deal",890.541,-0.6320524812,2.483071804,890.541,4.734154448566331,Raymond James & Associates
LB CN,2012-06-06,2012-06-06,2012-06-06,2012-06-06,LB CN,Laurentian Bank of Canada,116.675,2.8674,41.85,"ADDL,Primary Share Offering,Best Efforts,Private Placement,QIP",0.0,13.69176006,13.62007618,1039.71,3.034250998581281,"Fonds De Solidarite, Caisse des Depot et Placement du Quebec"
ENB CN,2012-05-31,2012-05-31,2012-05-31,2012-05-31,ENB CN,Enbridge Inc,387.395,9.83,40.71,"ADDL,Secondary Share Offering,Bought Deal",0.0,-4.175876141,-3.267008305,30998.5409,86.75915321483025,TD Securities
CSU CN,2012-05-18,2012-05-18,2012-05-18,2012-05-18,CSU CN,Constellation Software Inc/Can,87.7335,0.9948,90.0,"ADDL,Secondary Share Offering,Best Efforts,VC Backed,VC Exit,Private Placement,QIP",0.0,-2.211111069,-3.200000048,1806.5821,2.7795615024314464,RBC Capital Markets
1480640D CN,2012-05-14,2012-05-16,2012-05-14,2012-05-16,1480640D CN,Aurora Oil & Gas Pty Ltd,63.7916,18.0,3.55,"ADDL,Primary Share Offering",1569.72,-7.605632782,-8.732393265,1569.72,3.4321644046513042,TD Securities
ATP CN,2012-05-08,2012-06-28,2012-05-08,2012-06-28,ATP CN,Atlantic Power Corp,72.9011,5.5672,13.1,"ADDL,Primary Share Offering",1510.49,3.053432226,3.740454912,1510.49,3.350303111504274,Morgan Stanley
PVG CN,2012-05-02,2012-05-03,2012-05-02,2012-05-03,PVG CN,Pretium Resources Inc,81.6011,4.83,14.5,"ADDL,Primary Share Offering,Bought Deal",0.0,-7.86206913,-6.896551609,1364.2563,10.417357591115499,"Cormark Securities Inc, GMP Securities, Scotiabank"
BIR CN,2012-03-29,2012-03-29,2012-03-29,2012-03-29,BIR CN,Birchcliff Energy Ltd,61.8728,8.075,7.65,"ADDL,Primary Share Offering,Bought Deal",1083.37,-22.74509811,-23.26797485,1083.37,7.3775775138102295,"Cormark Securities Inc, National Bank Financial Inc, GMP Securities"
CPX CN,2012-03-27,2012-03-27,2012-03-27,2012-03-27,CPX CN,Capital Power Corp,231.754,8.5,23.55,"ADDL,Secondary Share Offering,Bought Deal,Government Exit",0.0,-0.5520137548,-0.8492537141,1453.1637,4.01007146024403,"BMO Capital Markets, TD Securities"
CSU CN,2012-03-13,2012-03-13,2012-03-13,2012-03-13,CSU CN,Constellation Software Inc/Can,174.284,1.715,87.5,"ADDL,Secondary Share Offering,VC Backed,VC Exit,Bought Deal",1698.3,1.417142868,1.748571396,1698.3,6.1880040160920355,"BMO Capital Markets, RBC Capital Markets"
GEI CN,2012-03-07,2012-03-07,2012-03-07,2012-03-07,GEI CN,Gibson Energy Inc,582.18,28.1078,20.7,"ADDL,Secondary Share Offering,PE Exit,Bought Deal",0.0,-0.4347862899,1.497580767,2090.6708,7.547080585251795,"Scotiabank, BMO Capital Markets"
PRY CN,2012-02-24,2012-02-24,2012-02-24,2012-02-24,PRY CN,Pinecrest Energy Inc,60.2093,18.5,3.25,"ADDL,Primary Share Offering,Bought Deal",696.886,-5.538461685,-4.923077106,696.886,5.1351564160974315,Canaccord Genuity
KEY CN,2012-02-21,2012-02-21,2012-02-21,2012-02-21,KEY CN,Keyera Corp,203.641,4.1,43.0,"ADDL,Primary Share Offering,Bought Deal",0.0,-1.860465169,-1.813953519,3177.2991,15.305313448317817,RBC Capital Markets
CPG CN,2012-02-16,2012-02-16,2012-02-16,2012-02-16,CPG CN,Crescent Point Energy Corp,606.155,11.61,45.25,"ADDL,Primary Share Offering,Bought Deal",14142.3,0.6629834175,1.127071857,14142.3,46.884589688391145,"CIBC, BMO Capital Markets"
FRU CN,2012-02-09,2012-02-09,2012-02-09,2012-02-09,FRU CN,Freehold Royalties Ltd,71.1233,3.0,20.5,"ADDL,Primary Share Offering,Bought Deal",1326.13,0.09756097198,-0.146341458,1326.13,2.680596721254392,CIBC
RMX CN,2012-02-06,2012-02-06,2012-02-06,2012-02-06,RMX CN,Rubicon Minerals Corp,201.768,49.0,4.1,"ADDL,Primary Share Offering,Bought Deal",1182.52,-11.70731544,-12.43902206,1182.52,3.3518021811900693,"TD Securities, GMP Securities"
PG CN,2012-02-06,2012-02-06,2012-02-06,2012-02-06,PG CN,Premier Gold Mines Ltd,57.7483,9.0,5.75,"ADDL,Primary Share Offering,Bought Deal",761.796,-0.1739130467,0.5217391253,761.796,2.620813306866976,RBC Capital Markets
GRO CN,2012-02-03,2012-02-03,2012-02-03,2012-02-03,GRO CN,GrowMax Resources Corp,60.4469,14.3,3.5,"ADDL,Primary Share Offering,Private Placement,Bought Deal,QIP",0.0,23.4285717,22.857143399999998,703.0314,3.6700352798097162,"Cormark Securities Inc, TD Securities"
BNS CN,2012-02-01,2012-02-01,2012-02-01,2012-02-01,BNS CN,Bank of Nova Scotia/The,1662.07,30.0,50.25,"ADDL,Primary Share Offering,Bought Deal",0.0,4.019900322,4.099502563,55599.4341,175.8512544053241,Scotiabank
NG CN,2012-02-01,2012-02-01,2012-02-01,2012-02-01,NG CN,Novagold Resources Inc,332.5,35.0,9.5,"ADDL,Primary Share Offering,Bought Deal",0.0,-6.150919437,-10.80109882,2491.9249,6.6176588657406334,"JP Morgan, RBC Capital Markets"
DGC CN,2012-01-25,2012-01-25,2012-01-25,2012-01-25,DGC CN,Detour Gold Corp,274.804,8.6,28.0,"ADDL,Primary Share Offering,Bought Deal",3090.92,-4.035714149,-2.8928570750000002,3090.92,18.028084380600074,"CIBC, BMO Capital Markets"
PSN CN,2012-01-19,2012-01-19,2012-01-19,2012-01-19,PSN CN,Poseidon Concepts Corp,81.6536,5.77,13.0,"ADDL,Primary Share Offering,Bought Deal",1042.92,17.07692337,17.46153831,1042.92,10.450580485850724,National Bank Financial Inc
ERF CN,2012-01-17,2012-01-17,2012-01-17,2012-01-17,ERF CN,Enerplus Corp,340.286,12.79,23.45,"ADDL,Primary Share Offering,Bought Deal",4473.73,1.705753565,0.2985042036,4473.73,19.926790442274445,"BMO Capital Markets, RBC Capital Markets"
LB CN,2012-01-13,2012-01-13,2012-01-13,2012-01-13,LB CN,Laurentian Bank of Canada,61.5017,1.262,47.55,"ADDL,Primary Share Offering,Bought Deal",0.0,-2.544688225,-0.3785473108,1104.59,3.6969540404569594,"BMO Capital Markets, CIBC"
TET CN,2011-12-08,2011-12-08,2011-12-08,2011-12-08,TET CN,Paramount Resources TEC Ltd,185.475,5.0,37.9,"ADDL,Secondary Share Offering,Bought Deal",3339.2,-1.820584416,-2.796837568,3339.2,11.643485227351755,RBC Capital Markets
PEY CN,2011-11-28,2011-11-28,2011-11-28,2011-11-28,PEY CN,Peyto Exploration & Developmen,111.234,4.26,23.5,"ADDL,Primary Share Offering,Bought Deal",3117.91,7.446808338,6.893617153,3117.91,11.080090866942658,BMO Capital Markets
FNV CN,2011-11-22,2011-11-22,2011-11-22,2011-11-22,FNV CN,Franco-Nevada Corp,377.522,8.0,42.5,"ADDL,Primary Share Offering,Bought Deal",0.0,1.176470637,1.223529458,5514.3915,28.531118409336372,BMO Capital Markets
GEI CN,2011-11-22,2011-11-22,2011-11-22,2011-11-22,GEI CN,Gibson Energy Inc,281.694,15.0,19.45,"ADDL,Secondary Share Offering,PE Backed,PE Exit,Bought Deal",0.0,-2.005145311,-2.365042448,1879.2281,7.3297754667106805,"BMO Capital Markets, CIBC"
VET CN,2011-11-08,2011-11-08,2011-11-08,2011-11-08,VET CN,Vermilion Energy Inc,259.984,5.105,49.0,"ADDL,Primary Share Offering,Bought Deal",4649.95,-9.448979378,-5.591836929,4649.95,12.638527994863848,"BMO Capital Markets, CIBC"
PGF CN,2011-11-07,2011-11-07,2011-11-07,2011-11-07,PGF CN,Pengrowth Energy Corp,295.128,28.31,10.6,"ADDL,Primary Share Offering,Bought Deal",0.0,-0.8490601778,-2.075475216,3421.5963,14.034845892392191,BMO Capital Markets
ALA CN,2011-11-02,2011-11-02,2011-11-02,2011-11-02,ALA CN,AltaGas Ltd,141.543,4.27,29.3,"ADDL,Primary Share Offering,Bought Deal",0.0,1.331060648,0.9556340575,2469.4359,8.038000008273002,"RBC Capital Markets, TD Securities"
CPX CN,2011-11-02,2011-11-02,2011-11-02,2011-11-02,CPX CN,Capital Power Corp,220.836,8.2,24.4,"ADDL,Secondary Share Offering,Bought Deal,Government Exit",0.0,-0.4098345041,-0.6967197657,1223.4749,4.247496079873552,"CIBC, RBC Capital Markets"
POU CN,2011-10-25,2011-10-25,2011-10-25,2011-10-25,POU CN,Paramount Resources Ltd,154.155,4.5,34.75,"ADDL,Primary Share Offering,Bought Deal",2915.29,9.352518082,10.67625904,2915.29,4.488468684606339,BMO Capital Markets
PONY CN,2011-10-24,2011-10-24,2011-10-24,2011-10-24,PONY CN,Painted Pony Energy Ltd,103.468,8.0,11.8,"ADDL,Primary Share Offering,Bought Deal",794.031,5.508472919,7.62711668,794.031,2.179481248401804,Cormark Securities Inc
GEI CN,2011-10-18,2011-10-18,2011-10-18,2011-10-18,GEI CN,Gibson Energy Inc,285.096,14.0,18.0,"ADDL,Secondary Share Offering,PE Backed,PE Exit,Private Placement,Bought Deal,QIP",0.0,4.111111164,4.055555344,1714.8048,5.771351771386479,BMO Capital Markets
PRU CN,2011-10-12,2011-10-12,2011-10-12,2011-10-12,PRU CN,Perseus Mining Ltd,92.0657,25.0,3.25,"ADDL,Primary Share Offering,Bought Deal",1446.53,2.461538553,4.307692528,1446.53,4.158645810365957,"CIBC, Clarus Securities, Eight Capital"
AQN CN,2011-10-06,2011-10-06,2011-10-06,2011-10-06,AQN CN,Algonquin Power & Utilities Co,91.4155,15.1,5.65,"ADDL,Primary Share Offering,Bought Deal",737.378,-0.8849574327,-0.8849574327,737.378,1.907882784507469,"BMO Capital Markets, Scotiabank"
POU CN,2011-09-28,2011-09-28,2011-09-28,2011-09-28,POU CN,Paramount Resources Ltd,57.4159,1.45,40.5,"ADDL,Primary Share Offering",3191.59,-17.75308609,-14.79012299,3191.59,4.619155917513729,BMO Capital Markets
1457122D CN,2011-09-27,2011-09-27,2011-09-27,2011-09-27,1457122D CN,Romarco Minerals Inc,90.8489,70.0,1.15,"ADDL,Primary Share Offering,Bought Deal",678.44,-8.695650101,-10.43478107,678.44,3.0383988525288337,"BMO Capital Markets, National Bank Financial Inc"
TOU CN,2011-09-20,2011-09-20,2011-09-20,2011-09-20,TOU CN,Tourmaline Oil Corp,152.916,4.0,33.0,"ADDL,Primary Share Offering,Bought Deal",0.0,-0.06060606241,0.3030303121,5253.3357,20.036919996000634,Peters & Co Ltd
SGY CN,2011-09-20,2011-09-20,2011-09-20,2011-09-20,SGY CN,Surge Energy Inc,60.4451,6.897,8.7,"ADDL,Primary Share Offering,Bought Deal",552.12,-9.195400238,-10.9195385,552.12,2.3800593686365428,National Bank Financial Inc
CLT CN,2011-09-19,2011-09-19,2011-09-19,2011-09-19,CLT CN,Celtic Exploration Ltd,174.067,6.0,25.0,"ADDL,Primary Share Offering,Bought Deal",2615.24,-8.479999542,-9.471500397,2615.24,16.586134117709747,GMP Securities
9944556D CN,2011-09-12,2011-09-12,2011-09-12,2011-09-12,9944556D CN,Industrial Alliance Insurance,200.703,6.0,33.31,"ADDL,Primary Share Offering,Private Placement,QIP",0.0,-3.662567854,-4.56319809,2726.9839,9.777557678485701,Caisse des Depot et Placement du Quebec
TD CN,2011-09-07,2011-09-07,2011-09-07,2011-09-07,TD CN,Toronto-Dominion Bank/The,805.589,8.0,76.5,"ADDL,Primary Share Offering,Bought Deal",0.0,-4.575163364,-3.85620904,69987.0936,327.1317026413581,TD Securities
CPG CN,2011-08-31,2011-08-31,2011-08-31,2011-08-31,CPG CN,Crescent Point Energy Corp,419.639,8.625,43.5,"ADDL,Primary Share Offering,Bought Deal",12551.5,-10.34482765,-10.16091919,12551.5,50.08036744933033,"BMO Capital Markets, CIBC"
AVR CN,2011-08-11,2011-08-11,2011-08-11,2011-08-11,AVR CN,Avion Gold Corp,58.3196,24.2,2.07,"ADDL,Primary Share Offering,Bought Deal",918.131,7.72947216,13.04348183,918.131,12.061255941099118,National Bank Financial Inc
BNP CN,2011-07-28,2011-07-28,2011-07-28,2011-07-28,BNP CN,Bonavista Energy Corp,210.59,7.0,28.55,"ADDL,Primary Share Offering,Bought Deal",4296.13,-10.6830101,-12.39929676,4296.13,11.976402262215169,TD Securities
DGC CN,2011-07-14,2011-07-14,2011-07-14,2011-07-14,DGC CN,Detour Gold Corp,445.429,12.5,29.75,"ADDL,Primary Share Offering,Bought Deal",2994.21,0.5042017102,-5.882352829,2994.21,26.33760572226251,"BMO Capital Markets, TD Securities"
CPX CN,2011-06-29,2011-06-29,2011-06-29,2011-06-29,CPX CN,Capital Power Corp,237.866,8.0,25.1,"ADDL,Primary Share Offering,Bought Deal",0.0,0.1195203885,-0.03984215483,1082.4763,8.303232763294524,"TD Securities, RBC Capital Markets"
HSE CN,2011-06-22,2011-06-22,2011-06-22,2011-06-22,HSE CN,Husky Energy Inc,1028.7,36.9685,27.05,"ADDL,Primary Share Offering,Bought Deal",0.0,-2.957483292,-2.883546352,25971.6013,42.00543916209939,"Goldman Sachs, HSBC, JP Morgan, RBC Capital Markets"
FTS CN,2011-05-30,2011-05-30,2011-05-30,2011-05-30,FTS CN,Fortis Inc/Canada,349.432,9.1,33.0,"ADDL,Primary Share Offering,Bought Deal",0.0,-5.0,-3.121212006,5922.8404,22.935958007535213,"RBC Capital Markets, Scotiabank"
PKI CN,2011-05-12,2011-05-12,2011-05-12,2011-05-12,PKI CN,Parkland Fuel Corp,89.5134,6.2,12.1,"ADDL,Primary Share Offering,Bought Deal",0.0,3.636360407,3.22313714,697.3305,1.535313524633322,"Scotiabank, RBC Capital Markets"
TOU CN,2011-04-25,2011-04-25,2011-04-25,2011-04-25,TOU CN,Tourmaline Oil Corp,168.905,5.5,25.5,"ADDL,Primary Share Offering,Bought Deal",0.0,8.235294342,9.372549057,3856.3165,8.70973521025947,Peters & Co Ltd
BXE CN,2011-04-20,2011-04-20,2011-04-20,2011-04-20,BXE CN,Bellatrix Exploration Ltd,57.6312,9.822,5.6,"ADDL,Primary Share Offering,Bought Deal",629.862,-9.821427345,-11.24999809,629.862,5.189209360759026,"Canaccord Genuity, National Bank Financial Inc"
SNM CN,2011-04-19,2011-04-19,2011-04-19,2011-04-19,SNM CN,ShaMaran Petroleum Corp,52.6591,56.0,0.9,"ADDL,Primary Share Offering,Best Efforts,Private Placement",0.0,-2.222219706,-13.33333111,573.0656,2.856887983006049,
POU CN,2011-04-12,2011-04-12,2011-04-12,2011-04-12,POU CN,Paramount Resources Ltd,50.7284,1.5,32.5,"ADDL,Primary Share Offering",2598.43,-6.800000191,-7.446153641,2598.43,5.814765800124058,Peters & Co Ltd
LIM CN,2011-04-05,2011-04-05,2011-04-05,2011-04-05,LIM CN,Labrador Iron Mines Holdings L,115.488,8.0,12.5,"ADDL,Primary Share Offering",697.592,7.199999809,4.71999979,697.592,3.2293590468560476,Canaccord Genuity
CLT CN,2011-03-11,2011-03-11,2011-03-11,2011-03-11,CLT CN,Celtic Exploration Ltd,119.841,5.0,20.3,"ADDL,Primary Share Offering",2010.17,2.216752529,3.743846178,2010.17,23.033074914830795,GMP Securities
CPX CN,2011-03-08,2011-03-08,2011-03-08,2011-03-08,CPX CN,Capital Power Corp,238.724,8.1,24.9,"ADDL,Primary Share Offering",0.0,-0.08031975478,1.532006991e-06,818.9266,4.469252669793833,"CIBC, TD Securities"
EMA CN,2011-02-24,2011-02-24,2011-02-24,2011-02-24,EMA CN,Emera Inc,204.832,5.53,31.7,"ADDL,Primary Share Offering",0.0,-2.807573318,-2.113567114,3722.2386,10.613064671909397,"CIBC, RBC Capital Markets, Scotiabank, TD Securities"
DML CN,2011-02-23,2011-02-23,2011-02-23,2011-02-23,DML CN,Denison Mines Corp,65.4559,18.3,3.55,"ADDL,Primary Share Offering",1375.87,-32.11267471,-35.77464676,1375.87,19.313136884603278,"Cormark Securities Inc, GMP Securities, Scotiabank"
WSX CN,2011-02-16,2011-02-16,2011-02-16,2011-02-16,WSX CN,Wild Stream Exploration Inc,84.7226,7.0,10.85,"ADDL,Primary Share Offering",590.305,-3.225809813,-1.566823721,590.305,2.388127919983417,Peters & Co Ltd
NVA CN,2011-02-15,2011-02-15,2011-02-15,2011-02-15,NVA CN,NuVista Energy Ltd,67.2736,7.0,9.5,"ADDL,Primary Share Offering,Private Placement,QIP",955.003,-1.157894731,-3.789473772,955.003,6.470834356460671,TD Securities
1374430D CN,2011-02-14,2011-02-14,2011-02-14,2011-02-14,1374430D CN,Petronas Energy Canada Ltd,202.591,14.4,13.9,"ADDL,Primary Share Offering",3232.98,-7.913666725,-6.834529877,3232.98,16.288263137914576,"BMO Capital Markets, Scotiabank"
1413620D CN,2011-02-08,2011-02-08,2011-02-08,2011-02-08,1413620D CN,Osisko Mining Corp /Old,535.138,38.6,13.75,"ADDL,Secondary Share Offering,Block,Private Placement,QIP",0.0,0.8727272749,0.8000000119,5292.6396,42.03504969608971,"Canaccord Genuity, UBS"
SBB CN,2011-02-08,2011-02-08,2011-02-08,2011-02-08,SBB CN,Sabina Gold & Silver Corp,57.976,9.091,5.5,"ADDL,Primary Share Offering",891.238,20.54545403,16.0,891.238,2.547430630753727,BMO Capital Markets
CR CN,2011-02-07,2011-02-07,2011-02-07,2011-02-07,CR CN,Crew Energy Inc,101.097,4.82,20.75,"ADDL,Primary Share Offering",1789.06,-8.192770958,-7.469879627,1789.06,17.54509601631903,Macquarie
GBG CN,2011-02-02,2011-02-02,2011-02-02,2011-02-02,GBG CN,Great Basin Gold Ltd,87.183,29.415,2.55,"ADDL,Primary Share Offering",1047.69,4.313727379,-0.7843118906,1047.69,8.355291201510836,RBC Capital Markets
NML CN,2011-02-02,2011-02-02,2011-02-02,2011-02-02,NML CN,New Millennium Iron Corp,63.9276,15.7143,3.5,"ADDL,Primary Share Offering",587.629,14.28571415,13.71428585,587.629,4.220071953233269,"Credit Suisse, Jennings Capital Inc"
LEG CN,2011-02-01,2011-02-01,2011-02-01,2011-02-01,LEG CN,Legacy Oil + Gas Inc,141.213,8.35,14.95,"ADDL,Primary Share Offering",2147.62,7.959867477,7.023412704,2147.62,8.949316883705567,"GMP Securities, Macquarie"
PONY CN,2011-01-28,2011-01-28,2011-01-28,2011-01-28,PONY CN,Painted Pony Energy Ltd,80.1142,7.62,10.5,"ADDL,Primary Share Offering",616.051,2.380952358,4.190476418,616.051,4.700407996403379,"Cormark Securities Inc, GMP Securities"
BAM/A CN,2011-01-26,2011-01-26,2011-01-26,2011-01-26,BAM/A CN,Brookfield Asset Management In,580.026,15.3,32.85,"ADDL,Primary Share Offering",0.0,-2.435307503,-3.500756502,19403.3316,32.51456394084789,"CIBC, RBC Capital Markets, Scotiabank, TD Securities"
CNE CN,2011-01-26,2011-01-26,2011-01-26,2011-01-26,CNE CN,Canacol Energy Ltd,57.8104,36.3,1.38,"ADDL,Primary Share Offering",596.909,14.49275398,5.072463989,596.909,3.967996502545152,"Canaccord Genuity, Cormark Securities Inc"
FGE CN,2011-01-20,2011-01-20,2011-01-20,2011-01-20,FGE CN,Fortress Global Enterprises In,57.6608,0.967,51.75,"ADDL,Primary Share Offering",689.961,9.178744316,11.594203,689.961,1.8380168346563046,Raymond James & Associates
QTRH CN,2011-01-18,2011-01-18,2011-01-18,2011-01-18,QTRH CN,Quarterhill Inc,75.7704,11.4,6.6,"ADDL,Primary Share Offering",805.488,-2.424241066,-3.484847069,805.488,7.5678608178906,CIBC
AKG CN,2011-01-18,2011-01-18,2011-01-18,2011-01-18,AKG CN,Asanko Gold Inc,214.54,24.7,7.5,"ADDL,Primary Share Offering",587.956,0.0,-1.333333373,587.956,1.7703596318450048,"Canaccord Genuity, Clarus Securities"
TGL CN,2011-01-10,2011-01-10,2011-01-10,2011-01-10,TGL CN,TransGlobe Energy Corp,75.4527,5.0,15.0,"ADDL,Primary Share Offering",1085.27,-11.0,-12.26666641,1085.27,12.39624134158949,Macquarie
RR CN,2010-12-14,2010-12-14,2010-12-14,2010-12-14,RR CN,Rainy River Resources Ltd,74.6636,5.14,12.65,"ADDL,Primary Share Offering,Private Placement,Bought Deal,QIP",0.0,-7.667981625,-4.347823143,1012.7905,7.899487635888533,Scotiabank
MFL CN,2010-12-13,2010-12-13,2010-12-13,2010-12-13,MFL CN,Minefinders Corp Ltd,150.537,13.65,11.1,"ADDL,Primary Share Offering,Bought Deal",0.0,-1.441444874,-1.891895294,767.9898,4.494388683435513,"BMO Capital Markets, Scotiabank"
SVM CN,2010-12-06,2010-12-06,2010-12-06,2010-12-06,SVM CN,Silvercorp Metals Inc,116.84,8.0,12.7,"ADDL,Primary Share Offering,Bought Deal",0.0,-1.667845011,-1.667845011,2160.5218,15.248516177482824,"BMO Capital Markets, CIBC"
THO CN,2010-12-06,2010-12-06,2010-12-06,2010-12-06,THO CN,Tahoe Resources Inc,349.972,21.7041,14.1,"ADDL,Primary Share Offering,Bought Deal",1975.24,1.063827038,1.063827038,1975.24,2.296578522773846,GMP Securities
AC CN,2010-12-03,2010-12-03,2010-12-03,2010-12-03,AC CN,Air Canada,161.893,44.0,3.7,"ADDL,Secondary Share Offering,Bought Deal",1023.42,-2.9729743,-4.594595909,1023.42,11.624844586455668,"Canaccord Genuity, RBC Capital Markets, TD Securities"
CPX CN,2010-12-02,2010-12-02,2010-12-02,2010-12-02,CPX CN,Capital Power Corp,199.1,8.334,24.0,"ADDL,Secondary Share Offering,Bought Deal,Government Exit",0.0,-0.6666666865,-0.2083333284,534.533,1.078211434266996,"RBC Capital Markets, TD Securities"
HSE CN,2010-11-29,2010-11-30,2010-11-29,2010-11-30,HSE CN,Husky Energy Inc,693.759,28.9,24.5,"ADDL,Primary Share Offering,Best Efforts,Private Placement,QIP",0.0,1.020408154,1.061224461,20460.3754,43.66210145222105,"CIBC, RBC Capital Markets"
HSE CN,2010-11-29,2010-11-30,2010-11-29,2010-11-30,HSE CN,Husky Energy Inc,285.665,11.9,24.5,"ADDL,Primary Share Offering,Bought Deal",0.0,1.020408154,1.061224461,20460.3754,43.66210145222105,"CIBC, RBC Capital Markets"
MFI CN,2010-11-23,2010-11-23,2010-11-23,2010-11-23,MFI CN,Maple Leaf Foods Inc,353.618,34.5132,10.5,"ADDL,Secondary Share Offering",0.0,4.857142925,5.523809433,1698.9769,1.7549697453732331,"BMO Capital Markets, TD Securities"
ELR CN,2010-11-22,2010-11-23,2010-11-22,2010-11-23,ELR CN,Eastern Platinum Ltd,340.438,195.0,1.55,"ADDL,Primary Share Offering",1077.57,13.54839039,14.83871365,1077.57,24.905797169667107,"Canaccord Genuity, UBS"
IAU CN,2010-11-22,2010-11-22,2010-11-22,2010-11-22,IAU CN,AIC Mines Ltd,109.91,63.4,1.77,"ADDL,Primary Share Offering,Bought Deal",752.22,11.86440754,10.16949272,752.22,2.9242600069907407,RBC Capital Markets
DML CN,2010-11-18,2010-11-18,2010-11-18,2010-11-18,DML CN,Denison Mines Corp,60.1256,25.0,2.45,"ADDL,Primary Share Offering,Private Placement,Bought Deal,QIP",0.0,35.91836548,37.95918274,863.7242,13.341904965801483,"GMP Securities, Scotiabank"
1641774D CN,2010-10-25,2010-10-25,2010-10-25,2010-10-25,1641774D CN,Colossus Minerals Inc,67.8675,7.3,8.25,"ADDL,Primary Share Offering,Bought Deal",764.008,-5.454545498,-4.242424011,764.008,6.7160100660578825,GMP Securities
BCM CN,2010-10-18,2010-10-18,2010-10-18,2010-10-18,BCM CN,Bear Creek Mining Corp,127.909,17.65,6.4,"ADDL,Primary Share Offering,Bought Deal",569.28,31.09374809,39.99999619,569.28,3.1275254058545445,BMO Capital Markets
VEN CN,2010-10-14,2010-10-14,2010-10-14,2010-10-14,VEN CN,Ventana Gold Corp,64.6573,6.5,10.0,"ADDL,Primary Share Offering,Best Efforts,Private Placement",0.0,-5.900000095,-4.900000095,1030.4486,7.118680051782032,
LSG CN,2010-10-14,2010-10-14,2010-10-14,2010-10-14,LSG CN,Lake Shore Gold Corp,390.331,109.0,3.6,"ADDL,Secondary Share Offering,Bought Deal",1340.57,-2.499997377,-2.499997377,1340.57,5.9715625269655215,"BMO Capital Markets, CIBC, RBC Capital Markets"
XRC CN,2010-10-04,2010-10-04,2010-10-04,2010-10-04,XRC CN,Exeter Resource Corp,56.1945,8.065,6.2,"ADDL,Primary Share Offering,Bought Deal",518.849,-2.258061409,-4.193545341,518.849,1.3688282224190402,Canaccord Genuity
CPG CN,2010-09-20,2010-09-20,2010-09-20,2010-09-20,CPG CN,Crescent Point Energy Corp,365.216,10.25,36.6,"ADDL,Primary Share Offering,Bought Deal",0.0,9.781425476,9.344266891,9186.372,50.39236705849739,"BMO Capital Markets, CIBC"
RMX CN,2010-09-16,2010-09-17,2010-09-16,2010-09-17,RMX CN,Rubicon Minerals Corp,185.118,45.7144,4.16,"ADDL,Secondary Share Offering",0.0,4.08654213,3.365388393,883.4944,4.043379627767146,GMP Securities
LSG CN,2010-08-18,2010-08-18,2010-08-18,2010-08-18,LSG CN,Lake Shore Gold Corp,84.1068,21.5,3.5,"ADDL,Primary Share Offering,Bought Deal",0.0,-0.571428597,0.0,1274.6851,2.6516836705550086,BMO Capital Markets
1413355D CN,2010-07-21,2010-07-21,2010-07-21,2010-07-21,1413355D CN,Andean Resources Ltd,224.854,70.0,3.35,"ADDL,Primary Share Offering,Bought Deal",1737.41,11.6417942,17.31343651,1737.41,3.8913471937625244,"BMO Capital Markets, RBC Capital Markets"
SGR/H CN,2010-07-13,2010-07-13,2010-07-13,2010-07-13,SGR/H CN,San Gold Corp,81.8003,20.0,4.0,"ADDL,Primary Share Offering,Bought Deal",1156.9,0.25,-0.5,1156.9,5.0616787321882315,"BMO Capital Markets, Eight Capital"
DGC CN,2010-06-28,2010-06-28,2010-06-28,2010-06-28,DGC CN,Detour Gold Corp,280.135,10.5,24.0,"ADDL,Primary Share Offering,Bought Deal",1877.63,-4.666666508,-2.041666746,1877.63,15.268189274031196,"BMO Capital Markets, TD Securities"
BNK CN,2010-06-23,2010-06-23,2010-06-23,2010-06-23,BNK CN,Bankers Petroleum Ltd,95.9601,12.9032,7.75,"ADDL,Primary Share Offering,Bought Deal",1812.71,-5.806451797,-8.387096405,1812.71,24.771281941602776,"GMP Securities, Raymond James & Associates"
TD CN,2010-06-03,2010-06-03,2010-06-03,2010-06-03,TD CN,Toronto-Dominion Bank/The,239.796,3.525,71.0,"ADDL,Primary Share Offering",0.0,2.971831083,3.112676144,59454.7567,220.32038584716017,TD Securities
SMF CN,2010-05-17,2010-05-17,2010-05-17,2010-05-17,SMF CN,SEMAFO Inc,115.132,15.0,6.95,"ADDL,Primary Share Offering,Bought Deal",1777.98,4.748204231,6.474822998,1777.98,13.389480143858169,"CIBC, Jennings Capital Inc, Macquarie"
CPG CN,2010-05-12,2010-05-12,2010-05-12,2010-05-12,CPG CN,Crescent Point Energy Corp,368.155,9.15,41.0,"ADDL,Primary Share Offering,Bought Deal",8892.82,-5.219511986,-4.414634228,8892.82,49.60103196259478,"BMO Capital Markets, CIBC"
ANV CN,2010-05-12,2010-05-12,2010-05-12,2010-05-12,ANV CN,Hycroft Mining Corp,278.214,13.0,21.0,"ADDL,Primary Share Offering,Bought Deal",1791.23,-5.952381134,-3.190476179,1791.23,6.587783514371557,"Cormark Securities Inc, GMP Securities"
TCW CN,2010-04-14,2010-04-14,2010-04-14,2010-04-14,TCW CN,Trican Well Service Ltd,230.773,15.39,13.0,"ADDL,Primary Share Offering,Bought Deal",1868.99,-6.230769157,-8.846154213,1868.99,7.244983485523906,RBC Capital Markets
DOL CN,2010-04-12,2010-04-12,2010-04-12,2010-04-12,DOL CN,Dollarama Inc,286.852,10.165,24.6,"ADDL,Secondary Share Offering,Bought Deal",0.0,0.9349578023,1.422762632,1836.5408,6.865078467340613,"CIBC, Credit Suisse, RBC Capital Markets"
AGT CN,2010-04-07,2010-04-07,2010-04-07,2010-04-07,AGT CN,AGT Food & Ingredients Inc,79.8085,2.2375,32.0,"ADDL,Primary Share Offering,Bought Deal",617.418,4.34375,3.6875,617.418,2.494109064068564,Canaccord Genuity
1457122D CN,2010-03-22,2010-03-22,2010-03-22,2010-03-22,1457122D CN,Romarco Minerals Inc,135.446,61.0,1.97,"ADDL,Primary Share Offering,Bought Deal",895.276,-1.452295919e-06,-1.452295919e-06,895.276,3.5474007404751746,"BMO Capital Markets, Paradigm Capital Inc"
QEC CN,2010-03-01,2010-03-02,2010-03-01,2010-03-02,QEC CN,Questerre Energy Corp,123.765,30.0,4.3,"ADDL,Primary Share Offering,Best Efforts,Private Placement",872.854,4.418600082,1.627902508,872.854,3.709931803265434,Eight Capital
9944556D CN,2010-02-17,2010-02-17,2010-02-17,2010-02-17,9944556D CN,Industrial Alliance Insurance,105.681,2.95,34.0,"ADDL,Primary Share Offering,Bought Deal",2723.7,-2.411764622,-3.029411793,2723.7,6.352521866531991,"BMO Capital Markets, RBC Capital Markets"
IE CN,2010-01-26,2010-01-26,2010-01-26,2010-01-26,IE CN,Ivanhoe Energy Inc,117.813,41.6667,3.0,"ADDL,Primary Share Offering,Best Efforts,Private Placement,QIP",0.0,19.66666603,24.0,818.7739,1.660979296625009,Macquarie
ORA CN,2010-01-21,2010-01-21,2010-01-21,2010-01-21,ORA CN,Aura Minerals Inc,96.1098,24.0,4.2,"ADDL,Primary Share Offering,Secondary Share Offering",832.872,-16.66666222,-16.90475845,832.872,2.5507563423321544,Canaccord Genuity
SPB CN,2010-01-20,2010-01-20,2010-01-20,2010-01-20,SPB CN,Superior Plus Corp,66.1552,4.35,13.85,"ADDL,Primary Share Offering,Bought Deal",1380.77,-0.7942265868,-1.949461222,1380.77,4.771012194045924,"National Bank Financial Inc, Scotiabank"
CGA CN,2010-01-19,2010-01-19,2010-01-19,2010-01-19,CGA CN,CGA Mining Ltd,83.4174,34.0,2.2,"ADDL,Primary Share Offering,Private Placement,Bought Deal,QIP",0.0,-9.090910912,-5.909092903,678.0737,3.526293988722091,BMO Capital Markets
DOL CN,2010-01-11,2010-01-11,2010-01-11,2010-01-11,DOL CN,Dollarama Inc,273.349,11.65,21.5,"ADDL,Secondary Share Offering,Bought Deal",1511.05,-5.534883499,-5.8139534,1511.05,2.5573531640548204,"CIBC, Credit Suisse, RBC Capital Markets"
GUY CN,2010-01-11,2010-01-11,2010-01-11,2010-01-11,GUY CN,Guyana Goldfields Inc,70.219,10.0,6.95,"ADDL,Primary Share Offering",509.05,-5.035968781,-3.884889364,509.05,2.397943435879462,"Cowen & Co, Scotiabank"
