,,,Announced Date,Listing date,Ticker,Issuer Name,Offer size,Offer shares,Offer price,Offer Type,Market Cap at Offer (M),Offer To 1st Open,Offer To 1st Close,Bookrunner,Security type,Market cap
TPZ SM,2016-04-05,2016-04-27,2016-04-05,2016-04-27,TPZ SM,Telepizza Group SA,626.774,78.5714,7.75,"IPO,Primary Share Offering,Secondary Share Offering,Best Efforts,PE Backed,PE Exit,REG S,Rule 144A",764.142,-9.806451797,-19.35483932,"Bank of America Merrill Lynch, UBS, Banco Bilbao Vizcaya Argentaria, Barclays, Nomura",Common,764.142
PER LN,2011-03-10,2011-04-08,2011-03-10,2011-04-08,PER LN,Perform Group Ltd,236.829,0.0,260.0,"IPO,Primary Share Offering,Secondary Share Offering",707.799,0.0,-15.38461494,"Credit Suisse, Morgan Stanley, UBS",Common,707.799
AAF LN,2019-06-04,2019-06-28,2019-06-04,2019-06-28,AAF LN,Airtel Africa PLC,686.573,676.4,80.0,"IPO,Primary Share Offering,PE Backed,REG S,Rule 144A",0.0,-3.75,-15.25,"Absa Group Ltd, Bank of America Merrill Lynch, Barclays, BNP Paribas, Citi, Goldman Sachs, HSBC, JP Morgan, Standard Bank of South Africa",Common,3293.118546
LBP LN,2014-06-27,2014-07-04,2014-06-27,2014-07-04,LBP LN,Lb-shell PLC,95.3334,16.4743,340.0,"IPO,Primary Share Offering,Secondary Share Offering",1088.11,0.0,-13.60294151,"Barclays, Canaccord Genuity",Common,1088.11
BFF IM,2017-03-06,2017-04-07,2017-03-06,2017-04-07,BFF IM,Banca Farmafactoring SpA,263.498,53.0,4.7,"IPO,Secondary Share Offering,PE Backed,PE Exit,REG S,Rule 144A",851.231,4.058188551e-06,-11.91489029,"BNP Paribas, Deutsche Bank, Jefferies, Mediobanca, Morgan Stanley, UniCredit",Common,851.231
RKET GR,2014-09-10,2014-10-02,2014-09-10,2014-10-02,RKET GR,Rocket Internet SE,1806.28,32.9412,42.5,"IPO,Primary Share Offering,Secondary Share Offering,REG S,Rule 144A",8201.31,0.0,-11.76235294,"Bank of America Merrill Lynch, Citi, Joh Berenberg Gossler & Co KG, JP Morgan, Morgan Stanley, UBS",Common,8201.31
BHG SS,2018-03-14,2018-03-27,2018-03-14,2018-03-27,BHG SS,Bygghemma Group First AB,172.4,30.0189,47.5,"IPO,Primary Share Offering,Secondary Share Offering,PE Backed,PE Exit,REG S,Rule 144A",621.012,1.052631617,-11.57894707,"Carnegie, Joh Berenberg Gossler & Co KG, SEB",Common,621.012
CARD LN,2014-04-22,2014-05-15,2014-04-22,2014-05-15,CARD LN,Card Factory PLC,499.222,131.834,225.0,"IPO,Secondary Share Offering,PE Backed,PE Exit",1286.84,-2.222222328,-10.66666698,"Morgan Stanley, Nomura, UBS",Common,1286.84
MORPOL NO,2010-06-16,2010-06-30,2010-06-16,2010-06-30,MORPOL NO,Morpol ASA,226.949,0.0,22.0,"IPO,Primary Share Offering,Secondary Share Offering",567.374,-9.090909004,-10.45454502,"ABG Sundal Collier Asa, DNB ASA, Pareto Securities",Common,567.374
EVRY NO,2017-05-23,2017-06-21,2017-05-23,2017-06-21,EVRY NO,Evry AS,452.441,136.473,31.0,"IPO,Primary Share Offering,Secondary Share Offering,Best Efforts,PE Backed,PE Exit,REG S,Rule 144A",1342.19,0.0,-9.677419662,"ABG Sundal Collier Asa, Credit Suisse, DNB ASA, Goldman Sachs, Morgan Stanley, UBS",Common,1342.19
SRP FP,2015-09-09,2015-10-29,2015-09-09,2015-10-29,SRP FP,SRP Groupe SA,252.515,9.4,19.5,"IPO,Primary Share Offering,Secondary Share Offering,Best Efforts,VC Backed,VC Exit,REG S,Rule 144A",701.537,0.0,-9.641025543,"BNP Paribas, Deutsche Bank, Goldman Sachs, Societe Generale",Common,701.537
TLGO SM,2015-03-31,2015-05-07,2015-03-31,2015-05-07,TLGO SM,Talgo SA,611.031,61.5748,9.25,"IPO,Secondary Share Offering,Best Efforts,PE Backed,REG S,Rule 144A",1433.16,-7.02702713,-9.189188957,"Banco Santander, JP Morgan, Nomura",Common,1433.16
GFG GR,2019-06-17,2019-07-02,2019-06-17,2019-07-02,GFG GR,Global Fashion Group SA,202.068,44.4,4.5,"IPO,Primary Share Offering,REG S,Rule 144A",0.0,-0.6666666865,-9.122221947,"Goldman Sachs, HSBC, Joh Berenberg Gossler & Co KG, Morgan Stanley",Common,983.1972632972063
EQN LN,2015-10-02,2015-10-27,2015-10-02,2015-10-27,EQN LN,Equiniti Group PLC,489.074,192.08,165.0,"IPO,Primary Share Offering,Secondary Share Offering,Best Efforts,PE Backed,REG S,Rule 144A",757.548,-1.060606003,-8.484848022,"Barclays, Credit Suisse, Goldman Sachs",Common,757.548
LMN SW,2014-03-19,2014-04-15,2014-03-19,2014-04-15,LMN SW,Lastminute.com NV,296.682,5.77,48.0,"IPO,Primary Share Offering,Secondary Share Offering,PE Backed,PE Exit",798.68,-6.25,-7.291666508,"Credit Suisse, Mediobanca, Morgan Stanley, UBS",Common,798.68
ESSR LN,2010-04-08,2010-05-04,2010-04-08,2010-05-04,ESSR LN,Essar Energy Ltd,1942.36,0.0,420.0,"IPO,Secondary Share Offering",0.0,-1.190476179,-7.261904716,"Deutsche Bank, JP Morgan",Common,7698.321039726928
OCDO LN,2010-05-31,2010-07-21,2010-05-31,2010-07-21,OCDO LN,Ocado Group PLC,536.095,0.0,180.0,"IPO,Primary Share Offering,Secondary Share Offering",1368.53,0.0,-7.222222328,"Goldman Sachs, JP Morgan, UBS",Common,1368.53
AA/ LN,2014-06-06,2014-06-23,2014-06-06,2014-06-23,AA/ LN,AA PLC,2327.35,554.0,250.0,"IPO,Primary Share Offering,Secondary Share Offering,PE Backed,PE Exit",2356.99,-2.400000095,-7.199999809,,Common,2356.99
CMBN LN,2014-03-19,2014-04-11,2014-03-19,2014-04-11,CMBN LN,Cambian Group PLC,323.441,0.0,225.0,"IPO,Primary Share Offering,Secondary Share Offering,PE Backed,PE Exit",649.21,0.0,-7.111111164,"JP Morgan, Numis",Common,649.21
FIN LN,2019-04-16,2019-05-15,2019-04-16,2019-05-15,FIN LN,Finablr PLC,399.717,0.0,175.0,"IPO,Primary Share Offering,Secondary Share Offering,Rule 144A",1575.84,-3.462857246,-6.857142925,"Bank of America Merrill Lynch, Barclays, EFG-Hermes, Goldman Sachs, JP Morgan, Numis",Common,1575.84
DMP GR,2018-01-15,2018-02-09,2018-01-15,2018-02-09,DMP GR,Dermapharm Holding SE,441.682,11.7,28.0,"IPO,Primary Share Offering,Secondary Share Offering,REG S,Rule 144A",0.0,0.0,-6.428571224,Joh Berenberg Gossler & Co KG,Common,1722.9166112
BALTA BB,2017-05-31,2017-06-14,2017-05-31,2017-06-14,BALTA BB,Balta Group SA,228.782,17.2084,13.25,"IPO,Primary Share Offering,Secondary Share Offering,Best Efforts,PE Backed,PE Exit,REG S,Rule 144A",532.851,-7.547169685,-6.415094376,"Barclays, Deutsche Bank, JP Morgan",Common,532.851
NEXI IM,2019-03-18,2019-04-16,2019-03-18,2019-04-16,NEXI IM,Nexi SpA,2328.91,213.0,9.0,"IPO,Primary Share Offering,Secondary Share Offering,PE Backed,PE Exit,REG S,Rule 144A",0.0,-2.777777672,-6.222222328,"Banco BPM SpA, Intesa Sanpaolo, Bank of America Merrill Lynch, Barclays, Citi, Credit Suisse, Goldman Sachs, HSBC, Mediobanca, Banca Monte Dei Paschi di Siena SpA, Unione di Banche Italiane SPA, UBS, UniCredit",Common,5978.764703703792
GWD GR,2018-03-09,2018-04-05,2018-03-09,2018-04-05,GWD GR,Godewind Immobilien AG,461.925,112.5,4.0,"IPO,Primary Share Offering,REG S,Rule 144A",535.833,-10.0,-6.0,"Citi, Joh Berenberg Gossler & Co KG, JP Morgan, Societe Generale",Common,535.833
BMSA GR,2014-05-27,2014-06-25,2014-05-27,2014-06-25,BMSA GR,BMI Group SARL,639.954,20.0621,24.0,"IPO,Primary Share Offering,Secondary Share Offering,PE Backed,PE Exit",1277.19,-2.5,-5.854166508,"BNP Paribas, Goldman Sachs, Joh Berenberg Gossler & Co KG, JP Morgan, UBS",Common,1277.19
AMAG AV,2011-03-25,2011-04-08,2011-03-25,2011-04-08,AMAG AV,AMAG Austria Metall AG,596.292,0.0,19.0,"IPO,Primary Share Offering,Secondary Share Offering,PE Backed,Accelerated Bookbuild",0.0,-10.52631569,-5.842105389,"BNP Paribas, JP Morgan",Common,909.8449813372342
DOM SM,2016-03-30,2016-04-27,2016-03-30,2016-04-27,DOM SM,Global Dominion Access SA,185.695,57.6923,2.74,"IPO,Primary Share Offering,Best Efforts,REG S,Rule 144A",524.561,-1.824817896,-5.839416504,"Banco Santander, JB Capital Markets, Societe Generale",Common,524.561
CEVA SW,2018-04-09,2018-05-04,2018-04-09,2018-05-04,CEVA SW,Ceva Logistics AG,857.677,29.8565,27.5,"IPO,Primary Share Offering,PE Backed",0.0,-0.1818181872,-5.818181992,"Credit Suisse, Deutsche Bank, Joh Berenberg Gossler & Co KG, Morgan Stanley, UBS",Common,1428.0974573430835
TKTT FP,2013-10-04,2013-11-22,2013-10-04,2013-11-22,TKTT FP,Tarkett SA,654.166,0.0,29.0,"IPO,Secondary Share Offering,PE Backed,PE Exit",2487.17,3.448275805,-5.517241478,"Bank of America Merrill Lynch, Credit Agricole CIB, Deutsche Bank, HSBC, JP Morgan",Common,2487.17
SBANK NO,2015-10-06,2015-11-02,2015-10-06,2015-11-02,SBANK NO,Sbanken ASA,413.526,81.9767,46.0,"IPO,Primary Share Offering,Secondary Share Offering,Best Efforts,REG S,Rule 144A",577.991,0.0,-5.434782505,"Carnegie, SEB",Common,577.991
WALWIL NO,2010-03-15,2010-06-24,2010-03-15,2010-06-24,WALWIL NO,Wallenius Wilhelmsen ASA,247.397,0.0,24.2,"IPO,Primary Share Offering",756.498,-3.152642194e-06,-5.371903896,"Carnegie, Pareto Securities",Class B,756.498
JUST LN,2013-10-17,2013-11-12,2013-10-17,2013-11-12,JUST LN,Just Group PLC,554.651,0.0,225.0,"IPO,Primary Share Offering,Secondary Share Offering,PE Backed,PE Exit",1790.44,0.0,-5.333333492,"Deutsche Bank, Nomura",Common,1790.44
RPO LN,2011-11-30,2012-01-19,2011-11-30,2012-01-19,RPO LN,RusPetro PLC,265.553,121.542,134.0,"IPO,Primary Share Offering",679.654,-0.1865671575,-5.223880768,"Bank of America Merrill Lynch, Mirabaud Securities, Renaissance Capital Pty Ltd",Common,679.654
AEDAS SM,2017-09-22,2017-10-20,2017-09-22,2017-10-20,AEDAS SM,Aedas Homes SAU,797.04,20.9394,31.65,"IPO,Primary Share Offering,Secondary Share Offering,Best Efforts,PE Backed,PE Exit,REG S,Rule 144A",1789.41,-0.7898882031,-5.213269234,"Goldman Sachs, Citi, Banco Santander, UBS",Common,1789.41
INWI SS,2014-09-01,2014-09-26,2014-09-01,2014-09-26,INWI SS,Inwido AB,366.215,31.8821,68.0,"IPO,Secondary Share Offering",542.562,2.205882311,-5.147058964,"Carnegie, Svenska Handelsbanken",Common,542.562
ETLN LI,2011-03-23,2011-04-15,2011-03-23,2011-04-15,ETLN LI,Etalon Group PLC,575.0,0.0,7.0,"IPO,Primary Share Offering,Secondary Share Offering",2064.71,0.0,-5.0,"Credit Suisse, Renaissance Capital Pty Ltd, VTB Capital",Common,2064.71
SHOT SS,2015-11-04,2015-12-02,2015-11-04,2015-12-02,SHOT SS,Scandic Hotels Group AB,351.717,45.7576,67.0,"IPO,Primary Share Offering,Secondary Share Offering,Best Efforts,PE Backed,PE Exit,REG S,Rule 144A",796.607,0.0,-4.850746155,"ABG Sundal Collier Asa, Deutsche Bank, Morgan Stanley, SEB",Common,796.607
PQR SM,2016-04-04,2016-04-29,2016-04-04,2016-04-29,PQR SM,Parques Reunidos Servicios Cen,683.9,38.721,15.5,"IPO,Primary Share Offering,Secondary Share Offering,Best Efforts,PE Backed,PE Exit,REG S,Rule 144A",1417.2,0.0,-4.838709831,"Banco Santander, Barclays, BNP Paribas, Deutsche Bank, Morgan Stanley",Common,1417.2
AML LN,2018-09-10,2018-10-03,2018-09-10,2018-10-03,AML LN,Aston Martin Lagonda Global Ho,1411.06,57.3803,1900.0,"IPO,Secondary Share Offering,REG S,Rule 144A",5626.91,0.0,-4.736842155,"Bank of America Merrill Lynch, Credit Suisse, Deutsche Bank, Goldman Sachs, HSBC, JP Morgan, UniCredit",Common,5626.91
HSTG LN,2015-09-15,2015-10-12,2015-09-15,2015-10-12,HSTG LN,Hastings Group Holdings PLC,324.999,0.0,170.0,"IPO,Primary Share Offering,Secondary Share Offering,REG S,Rule 144A",1712.55,0.0,-4.705882549,"Goldman Sachs, Barclays, Credit Suisse, HSBC",Common,1712.55
SMCP FP,2017-09-18,2017-10-20,2017-09-18,2017-10-20,SMCP FP,SMCP SA,646.201,0.0,22.0,"IPO,Primary Share Offering,Secondary Share Offering,PE Backed,PE Exit,REG S,Rule 144A",1905.13,0.0,-4.545454502,"Kohlberg Kravis Roberts & Co, Bank of America Merrill Lynch, BNP Paribas, HSBC, JP Morgan",Common,1905.13
GEST SM,2017-03-13,2017-04-07,2017-03-13,2017-04-07,GEST SM,Gestamp Automocion SA,934.683,155.389,5.6,"IPO,Secondary Share Offering,REG S,Rule 144A",3432.37,-0.3571411669,-4.464283943,"JP Morgan, Morgan Stanley, UBS, Societe Generale, Deutsche Bank, Banco Santander",Common,3432.37
EPR NO,2015-05-26,2015-06-19,2015-05-26,2015-06-19,EPR NO,Europris ASA,497.13,85.0,45.0,"IPO,Primary Share Offering,Secondary Share Offering,Best Efforts,PE Backed,PE Exit,REG S,Rule 144A",964.581,0.0,-4.444444656,"ABG Sundal Collier Asa, Bank of America Merrill Lynch, Goldman Sachs, SEB",Common,964.581
SAY SM,2015-01-15,2015-02-16,2015-01-15,2015-02-16,SAY SM,Saeta Yield SA,512.073,41.6,10.45,"IPO,Secondary Share Offering,REG S,Rule 144A",972.509,0.4784707427,-4.306218147,"Banco Santander, Bank of America Merrill Lynch, Citi, HSBC, Societe Generale",Common,972.509
EDR SM,2014-03-06,2014-04-08,2014-03-06,2014-04-08,EDR SM,eDreams ODIGEO SA,569.311,36.6868,10.25,"IPO,Primary Share Offering,Secondary Share Offering,PE Backed,PE Exit",1475.01,-0.4878048897,-4.292683125,"Deutsche Bank, Jefferies, JP Morgan",Common,1475.01
G24 GR,2015-09-07,2015-10-01,2015-09-07,2015-10-01,G24 GR,Scout24 AG,1144.35,29.5,30.0,"IPO,Primary Share Offering,Secondary Share Offering,PE Backed,PE Exit,REG S,Rule 144A",3609.55,2.5,-4.170000076,"Barclays, Credit Suisse, Goldman Sachs, Jefferies, Morgan Stanley",Common,3609.55
BRIT LN,2014-03-04,2014-03-28,2014-03-04,2014-03-28,BRIT LN,Brit Ltd,400.152,100.0,240.0,"IPO,Secondary Share Offering,PE Backed,PE Exit",1598.21,0.0,-4.166666508,"JP Morgan, UBS",Common,1598.21
ELK NO,2018-02-26,2018-03-22,2018-02-26,2018-03-22,ELK NO,Elkem ASA,900.434,250.967,29.0,"IPO,Primary Share Offering,Secondary Share Offering,Best Efforts,REG S,Rule 144A",2178.54,-3.620689631,-4.13793087,"ABG Sundal Collier Asa, Carnegie, Citi, Morgan Stanley, Nordea Bank Abp",Common,2178.54
ENOG LN,2018-02-19,2018-03-16,2018-02-19,2018-03-16,ENOG LN,Energean Oil & Gas PLC,462.873,69.8,455.0,"IPO,Primary Share Offering,REG S,Rule 144A",969.172,-0.2197802216,-3.956043959,"Citi, Morgan Stanley, RBC Capital Markets, Stifel",Common,969.172
STCK LN,2013-09-26,2013-10-22,2013-09-26,2013-10-22,STCK LN,Stock Spirits Group PLC,425.337,110.0,235.0,"IPO,Primary Share Offering,Secondary Share Offering",759.003,0.0,-3.829787254,"Jefferies, Joh Berenberg Gossler & Co KG, JP Morgan, Nomura",Common,759.003
GMS LN,2014-02-17,2014-03-14,2014-02-17,2014-03-14,GMS LN,Gulf Marine Services PLC,298.253,0.0,135.0,"IPO,Primary Share Offering,Secondary Share Offering",784.75,0.0,-3.703703642,"Bank of America Merrill Lynch, Barclays, JP Morgan",Common,784.75
ANIM IM,2014-02-07,2014-04-16,2014-02-07,2014-04-16,ANIM IM,Anima Holding SpA,1034.11,164.892,4.2,"IPO,Secondary Share Offering,PE Backed,REG S,Rule 144A",1749.88,-3.095233679,-3.571424246,"Goldman Sachs, Intesa Sanpaolo, UBS, UniCredit",Common,1749.88
NETS DC,2016-09-01,2016-09-23,2016-09-01,2016-09-23,NETS DC,Nets A/S,2369.99,105.0,150.0,"IPO,Primary Share Offering,Secondary Share Offering,Best Efforts,VC Backed,VC Exit,PE Backed,PE Exit,REG S,Rule 144A",4520.05,3.333333254,-3.333333254,"Danske Bank, Deutsche Bank, DNB ASA, JP Morgan, Morgan Stanley, Nordea Bank Abp, UBS",Common,4520.05
BFIT NA,2016-05-17,2016-06-10,2016-05-17,2016-06-10,BFIT NA,Basic-Fit NV,453.281,26.6667,15.0,"IPO,Primary Share Offering,Secondary Share Offering,Best Efforts,PE Backed,PE Exit,REG S,Rule 144A",928.158,0.0,-3.333333254,"ABN Amro Bank NV, Barclays, Deutsche Bank, ING Groep, Morgan Stanley",Common,928.158
FAN LN,2014-06-11,2014-06-18,2014-06-11,2014-06-18,FAN LN,Volution Group PLC,168.02,0.0,150.0,"IPO,Primary Share Offering,Secondary Share Offering,PE Backed,PE Exit",508.47,3.333333254,-3.333333254,"Canaccord Genuity, Liberum Capital Ltd",Common,508.47
BG AV,2017-09-27,2017-10-25,2017-09-27,2017-10-25,BG AV,BAWAG Group AG,1974.34,35.0,48.0,"IPO,Secondary Share Offering,Best Efforts,PE Backed,PE Exit,REG S,Rule 144A",5646.72,0.0,-3.125,"Citi, Credit Suisse, Goldman Sachs, JP Morgan, Morgan Stanley, UBS, Barclays, Bank of America Merrill Lynch",Common,5646.72
WEW GR,2018-09-13,2018-10-09,2018-09-13,2018-10-09,WEW GR,Westwing Group AG,133.608,4.4,26.0,"IPO,Primary Share Offering,Secondary Share Offering,PE Backed",0.0,1.884615421,-3.115384579,"Citi, Joh Berenberg Gossler & Co KG",Common,576.688040852
MVC SM,2018-01-08,2018-02-06,2018-01-08,2018-02-06,MVC SM,Metrovacesa SA,773.362,39.1304,16.5,"IPO,Secondary Share Offering,Best Efforts,PE Backed,REG S,Rule 144A",3120.55,-7.272727489,-3.030303001,"Banco Bilbao Vizcaya Argentaria, Banco Santander, Deutsche Bank, Morgan Stanley, Goldman Sachs, Societe Generale",Common,3120.55
NIBC NA,2018-02-26,2018-03-23,2018-02-26,2018-03-23,NIBC NA,NIBC Holding NV,393.918,38.1675,8.75,"IPO,Secondary Share Offering,Best Efforts,PE Backed,PE Exit,REG S,Rule 144A",1575.03,-5.142857075,-2.880000114,"ABN Amro Bank NV, Citi, Deutsche Bank, ING Groep, Morgan Stanley",Common,1575.03
PETS LN,2014-02-19,2014-03-12,2014-02-19,2014-03-12,PETS LN,Pets at Home Group Plc,819.476,0.0,245.0,"IPO,Primary Share Offering,Secondary Share Offering,PE Backed,PE Exit",2034.85,0.0,-2.8571429249999998,"Kohlberg Kravis Roberts & Co, Bank of America Merrill Lynch, Goldman Sachs",Common,2034.85
FORT LN,2016-03-29,2016-04-21,2016-03-29,2016-04-21,FORT LN,Forterra PLC,184.459,70.0,180.0,"IPO,Secondary Share Offering,PE Backed,PE Exit,REG S,Rule 144A",515.88,0.0,-2.777777672,"Citi, Credit Suisse, Deutsche Bank",Common,515.88
TIFS LN,2017-10-09,2017-10-25,2017-10-09,2017-10-25,TIFS LN,TI Fluid Systems PLC,534.598,0.0,255.0,"IPO,Primary Share Offering,Secondary Share Offering,PE Backed,PE Exit,REG S,Rule 144A",1754.57,-1.960784316,-2.745098114,"Citi, Deutsche Bank, Goldman Sachs, JP Morgan",Common,1754.57
ADJ GR,2015-06-04,2015-07-23,2015-06-04,2015-07-23,ADJ GR,ADO Properties SA,515.297,21.0,20.0,"IPO,Primary Share Offering,Secondary Share Offering,REG S,Rule 144A",763.21,0.5,-2.5,"Barclays, Commerzbank, Kempen & Co NV, UBS",Common,763.21
GMD LN,2014-05-19,2014-06-06,2014-05-19,2014-06-06,GMD LN,GAME Digital PLC,203.155,60.409,200.0,"IPO,Primary Share Offering,Secondary Share Offering",571.336,2.5,-2.5,"Canaccord Genuity, HSBC, Liberum Capital Ltd",Common,571.336
NDX SS,2015-06-04,2015-06-17,2015-06-04,2015-06-17,NDX SS,Nordax Group AB,313.858,48.6823,45.0,"IPO,Secondary Share Offering,PE Backed,PE Exit,REG S,Rule 144A",610.521,1.111111164,-2.444444418,"Carnegie, Citi, Morgan Stanley",Common,610.521
RFRG NA,2015-03-03,2015-03-27,2015-03-03,2015-03-27,RFRG NA,Refresco Group BV,631.111,44.4164,14.5,"IPO,Primary Share Offering,Secondary Share Offering,Best Efforts,PE Backed,PE Exit,REG S,Rule 144A",1278.86,0.9655172229,-2.413793087,"ABN Amro Bank NV, Credit Suisse, HSBC, JP Morgan",Common,1278.86
ODL NO,2013-09-13,2013-09-27,2013-09-13,2013-09-27,ODL NO,Odfjell Drilling Ltd,396.28,56.0,42.0,"IPO,Secondary Share Offering",1399.18,0.9523809552,-2.380952358,"ABG Sundal Collier Asa, DNB ASA, Goldman Sachs",Common,1399.18
INS GR,2018-01-22,2018-02-15,2018-01-22,2018-02-15,INS GR,Instone Real Estate Group AG,477.494,20.35,21.5,"IPO,Primary Share Offering,Secondary Share Offering,PE Backed,PE Exit,REG S,Rule 144A",982.362,0.0,-2.325581312,"BNP Paribas, Credit Suisse, Deutsche Bank, Morgan Stanley, UniCredit",Common,982.362
8TRA GR,2019-06-13,2019-06-28,2019-06-13,2019-06-28,8TRA GR,Traton SE,1564.16,50.0,27.0,"IPO,Secondary Share Offering,REG S,Rule 144A",15344.1,0.0,-2.222222328,"Bank of America Merrill Lynch, Barclays, BNP Paribas, Citi, Deutsche Bank, Goldman Sachs, JP Morgan, SEB, UniCredit",Common,15344.1
SHLF NO,2018-06-04,2018-06-25,2018-06-04,2018-06-25,SHLF NO,Shelf Drilling Ltd,226.084,0.0,65.35,"IPO,Primary Share Offering,Secondary Share Offering,Best Efforts,PE Backed,PE Exit,REG S,Rule 144A",893.549,2.334933242e-06,-2.065797329,"Clarksons Platou Securities, DNB ASA",Common,893.549
ENX FP,2014-05-27,2014-06-20,2014-05-27,2014-06-20,ENX FP,Euronext NV,1150.52,42.1082,20.0,"IPO,Secondary Share Offering,Rule 144A",1906.94,-3.0,-2.0,"ABN Amro Bank NV, Goldman Sachs, ING Groep, JP Morgan, Morgan Stanley, Societe Generale",Common,1906.94
CERV IM,2014-04-06,2014-06-18,2014-04-06,2014-06-18,CERV IM,Cerved Group SpA,587.122,84.0,5.1,"IPO,Primary Share Offering,Secondary Share Offering,PE Backed,PE Exit",1350.03,-0.9803903103,-1.960782528,"Intesa Sanpaolo, BNP Paribas, Deutsche Bank, HSBC, JP Morgan, Mediobanca, UniCredit",Common,1350.03
EUCAR FP,2015-05-21,2015-06-26,2015-05-21,2015-06-26,EUCAR FP,Europcar Mobility Group,999.547,0.0,12.25,"IPO,Primary Share Offering,Secondary Share Offering,PE Backed,PE Exit,REG S,Rule 144A",1961.72,0.0,-1.632653117,"BNP Paribas, Credit Agricole CIB, Deutsche Bank, Goldman Sachs, HSBC, Morgan Stanley, Societe Generale",Common,1961.72
AVST LN,2018-04-12,2018-05-10,2018-04-12,2018-05-10,AVST LN,Avast PLC,856.44,0.0,250.0,"IPO,Primary Share Offering,Secondary Share Offering,PE Backed,PE Exit,REG S,Rule 144A",3214.92,-0.400000006,-1.600000024,"Bank of America Merrill Lynch, Barclays, Credit Suisse, Jefferies, Morgan Stanley, UBS",Common,3214.92
APR LN,2010-01-22,2010-02-04,2010-01-22,2010-02-04,APR LN,APR Energy Ltd,669.757,0.0,1000.0,"IPO,Primary Share Offering,SPAC",0.0,0.0,-1.25,Credit Suisse,Common,636.679591999054
ADES LN,2017-04-03,2017-05-09,2017-04-03,2017-05-09,ADES LN,ADES International Holding PLC,243.477,0.0,16.5,"IPO,Primary Share Offering,Secondary Share Offering,REG S,Rule 144A",696.35,0.0,-1.212121248,"Citi, EFG-Hermes",Common,696.35
NOEJ GR,2011-03-11,2011-04-08,2011-03-11,2011-04-08,NOEJ GR,Norma Group SE,466.301,0.0,21.0,"IPO,Primary Share Offering,Secondary Share Offering,PE Backed,PE Exit",0.0,0.0,-1.142857194,"Commerzbank, Deutsche Bank, Goldman Sachs",Common,953.962551737457
GENL LN,2011-06-09,2011-06-17,2011-06-09,2011-06-17,GENL LN,Genel Energy Plc,2298.56,132.84,1000.0,"IPO,Primary Share Offering,SPAC",0.0,0.0,-1.0,"Credit Suisse, JP Morgan",Common,2128.18221
PRW LN,2010-02-15,2010-03-12,2010-02-15,2010-03-12,PRW LN,Promethean World PLC,290.844,0.0,200.0,"IPO,Primary Share Offering,Secondary Share Offering,PE Backed,PE Exit",0.0,5.0,-1.0,"Goldman Sachs, JP Morgan",Common,583.9399999999999
MSK IM,2013-01-11,2013-04-03,2013-01-11,2013-04-03,MSK IM,Moleskine SpA,326.822,106.36,2.3,"IPO,Primary Share Offering,Secondary Share Offering,PE Backed,PE Exit",625.201,2.073204996e-06,-0.8695631623,"Goldman Sachs, Mediobanca, UBS",Common,625.201
ARMS LN,2010-06-25,2010-07-09,2010-06-25,2010-07-09,ARMS LN,Asia Resource Minerals Ltd,1039.52,0.0,1000.0,"IPO,Primary Share Offering",0.0,0.0,-0.8500000238,"Credit Suisse, JP Morgan",Common,1038.9474770660402
PST IM,2015-08-11,2015-10-27,2015-08-11,2015-10-27,PST IM,Poste Italiane SpA,3429.61,453.0,6.75,"IPO,Secondary Share Offering,Best Efforts,Government Exit,REG S,Rule 144A",9711.97,2.962962866,-0.7407407165,"Intesa Sanpaolo, Bank of America Merrill Lynch, Citi, Credit Suisse, Goldman Sachs, JP Morgan, Mediobanca, Morgan Stanley, UBS, UniCredit",Common,9711.97
KGX GR,2013-06-03,2013-06-28,2013-06-03,2013-06-28,KGX GR,KION Group AG,549.902,17.23,24.0,"IPO,Primary Share Offering,PE Backed",3093.75,2.291666746,-0.7291666865,"Goldman Sachs, Kohlberg Kravis Roberts & Co, Deutsche Bank, Morgan Stanley",Common,3093.75
JLG LN,2015-01-19,2015-02-12,2015-01-19,2015-02-12,JLG LN,John Laing Group PLC,404.701,220.154,195.0,"IPO,Primary Share Offering,Secondary Share Offering,Best Efforts,REG S,Rule 144A",1128.19,2.56410265,-0.5128205419,"Barclays, HSBC",Common,1128.19
GCL IM,2017-11-27,2017-12-21,2017-11-27,2017-12-21,GCL IM,Guala Closures SpA,595.1,50.0,10.0,"IPO,Primary Share Offering,SPAC,Best Efforts,Sub Sector Flag,REG S",609.977,-0.200000003,-0.5,"Goldman Sachs, Banca Monte Dei Paschi di Siena SpA",Common,609.977
JUSH LN,2011-01-31,2011-02-14,2011-01-31,2011-02-14,JUSH LN,Justice Holdings Ltd,1442.97,0.0,1000.0,"IPO,Primary Share Offering,SPAC",0.0,0.1000000015,-0.5,"Barclays, Citi",Common,1435.4864999999998
PIRC IM,2017-04-28,2017-10-04,2017-04-28,2017-10-04,PIRC IM,Pirelli & C SpA,2613.93,350.0,6.5,"IPO,Secondary Share Offering,Best Efforts,REG S,Rule 144A",7816.95,-0.1538461596,-0.4615384638,"Intesa Sanpaolo, Bank of America Merrill Lynch, BNP Paribas, Goldman Sachs, HSBC, JP Morgan, Mediobanca, Morgan Stanley, UniCredit",Common,7816.95
GJF NO,2010-11-24,2010-12-10,2010-11-24,2010-12-10,GJF NO,Gjensidige Forsikring ASA,1856.26,0.0,59.0,"IPO,Secondary Share Offering",0.0,0.0,-0.4237288237,"Bank of America Merrill Lynch, Goldman Sachs",Common,4890.942390942391
INTER NA,2015-09-21,2015-10-15,2015-09-21,2015-10-15,INTER NA,Intertrust NV,550.945,33.669,15.5,"IPO,Primary Share Offering,Secondary Share Offering,Best Efforts,PE Backed,PE Exit,REG S,Rule 144A",1507.88,0.0,-0.3225806355,"ABN Amro Bank NV, Deutsche Bank, JP Morgan, Morgan Stanley, UBS",Common,1507.88
IGY GR,2016-08-11,2016-10-07,2016-08-11,2016-10-07,IGY GR,Innogy SE,5178.97,101.01,36.0,"IPO,Primary Share Offering,Secondary Share Offering,PE Backed,REG S,Rule 144A",22322.0,3.611111164,-0.2222222239,"Bank of America Merrill Lynch, BNP Paribas, Credit Suisse, Deutsche Bank, Goldman Sachs, UBS",Common,22322.0
ACA LN,2010-02-19,2010-03-19,2010-02-19,2010-03-19,ACA LN,Acacia Mining PLC,949.493,0.0,575.0,"IPO,Primary Share Offering",0.0,-4.347826004,-0.08695652336,"JP Morgan, Morgan Stanley",Common,3519.300554194182
HIAG SW,2014-04-15,2014-05-16,2014-04-15,2014-05-16,HIAG SW,Hiag Immobilien Holding AG,227.222,2.5475,76.0,"IPO,Primary Share Offering,Secondary Share Offering",682.152,0.0,-0.06578947604,Credit Suisse,Common,682.152
DNA FH,2016-10-26,2016-11-30,2016-10-26,2016-11-30,DNA FH,DNA Oyj,452.951,40.7169,10.1,"IPO,Primary Share Offering,Secondary Share Offering",1417.13,0.594055593,-3.77692777e-06,"Danske Bank, JP Morgan, Morgan Stanley, Nordea Bank Abp, SEB",Common,1417.13
BCIV SM,2011-04-05,2011-07-21,2011-04-05,2011-07-21,BCIV SM,Banca Civica SA,853.076,222.143,2.7,"IPO,Primary Share Offering",0.0,-1.766063519e-06,-1.766063519e-06,"Credit Suisse, Morgan Stanley",Common,1914.6244081478121
EGPW IM,2010-09-08,2010-11-04,2010-09-08,2010-11-04,EGPW IM,Enel Green Power SpA,3144.57,0.0,1.6,"IPO,Secondary Share Offering",11413.3,-3.125001431,-1.490116119e-06,"Intesa Sanpaolo, Banco Bilbao Vizcaya Argentaria, Bank of America Merrill Lynch, Barclays, Credit Suisse, Goldman Sachs, JP Morgan, Mediobanca, Morgan Stanley, UniCredit",Common,11413.3
ALD FP,2017-05-12,2017-06-16,2017-05-12,2017-06-16,ALD FP,ALD SA,1273.5,80.8207,14.3,"IPO,Secondary Share Offering,Best Efforts,REG S,Rule 144A",6442.08,-1.333810246e-06,-1.333810246e-06,"Societe Generale, Bank of America Merrill Lynch, Barclays, Citi, Credit Suisse, Deutsche Bank, HSBC, JP Morgan",Common,6442.08
FCH LN,2018-09-03,2018-09-28,2018-09-03,2018-09-28,FCH LN,Funding Circle Holdings PLC,567.532,0.0,440.0,"IPO,Primary Share Offering,Secondary Share Offering,VC Backed,VC Exit,PE Backed,PE Exit,REG S,Rule 144A",1961.45,4.545454502,0.0,"Bank of America Merrill Lynch, Goldman Sachs, Morgan Stanley, Numis",Common,1961.45
BSGR NA,2018-02-26,2018-03-23,2018-02-26,2018-03-23,BSGR NA,B&S Group Sarl,469.289,24.692,14.5,"IPO,Secondary Share Offering,Best Efforts,REG S,Rule 144A",1501.67,-2.758620739,0.0,"ABN Amro Bank NV, Rabobank, Deutsche Bank, ING Groep, Morgan Stanley",Common,1501.67
GLO LN,2017-10-12,2017-11-09,2017-10-12,2017-11-09,GLO LN,ContourGlobal PLC,628.296,0.0,250.0,"IPO,Primary Share Offering,Secondary Share Offering,PE Backed,PE Exit,REG S,Rule 144A",2204.13,2.0,0.0,"BNP Paribas, Citi, Goldman Sachs, JP Morgan, Morgan Stanley, RBC Capital Markets",Common,2204.13
ROVIO FH,2017-09-05,2017-09-29,2017-09-05,2017-09-29,ROVIO FH,Rovio Entertainment Oyj,519.956,0.0,11.5,"IPO,Primary Share Offering,Secondary Share Offering,Best Efforts,VC Backed,VC Exit,REG S,Rule 144A",1055.96,4.347826004,0.0,"Carnegie, Danske Bank, Deutsche Bank, OP Cooperative",Common,1055.96
CTEC LN,2016-10-03,2016-10-26,2016-10-03,2016-10-26,CTEC LN,ConvaTec Group PLC,2039.99,0.0,225.0,"IPO,Primary Share Offering,Secondary Share Offering,PE Backed,PE Exit,REG S,Rule 144A",5493.69,0.0,0.0,"Bank of America Merrill Lynch, Credit Suisse, Deutsche Bank, Goldman Sachs, JP Morgan, Morgan Stanley, UBS",Common,5493.69
BIFF LN,2016-09-15,2016-10-17,2016-09-15,2016-10-17,BIFF LN,Biffa PLC,280.731,0.0,180.0,"IPO,Primary Share Offering,Secondary Share Offering,PE Backed,PE Exit,REG S,Rule 144A",549.36,2.777777672,0.0,"Citi, HSBC, JP Morgan",Common,549.36
STG DC,2016-01-14,2016-02-10,2016-01-14,2016-02-10,STG DC,Scandinavian Tobacco Group A/S,521.899,35.6,100.0,"IPO,Secondary Share Offering,REG S,Rule 144A",1504.48,1.0,0.0,"JP Morgan, Deutsche Bank, Nordea Bank Abp",Common,1504.48
ASCL LN,2016-01-14,2016-02-09,2016-01-14,2016-02-09,ASCL LN,Ascential PLC,432.303,0.0,200.0,"IPO,Primary Share Offering,Secondary Share Offering,PE Backed,PE Exit,REG S,Rule 144A",1158.72,1.0,0.0,"Bank of America Merrill Lynch, BNP Paribas, Deutsche Bank, Goldman Sachs, Numis",Common,1158.72
CMCX LN,2016-01-13,2016-02-05,2016-01-13,2016-02-05,CMCX LN,CMC Markets PLC,314.517,90.4,240.0,"IPO,Primary Share Offering,Secondary Share Offering,REG S,Rule 144A",999.969,0.625,0.0,"Goldman Sachs, Morgan Stanley, RBC Capital Markets",Common,999.969
CAPIO SS,2015-06-09,2015-06-30,2015-06-09,2015-06-30,CAPIO SS,Capio AB,309.419,48.1226,48.5,"IPO,Primary Share Offering,Secondary Share Offering,Best Efforts,PE Backed,PE Exit,REG S,Rule 144A",834.839,2.061855555,0.0,"Carnegie, Deutsche Bank, JP Morgan, SEB",Common,834.839
DFS LN,2015-02-06,2015-03-06,2015-02-06,2015-03-06,DFS LN,DFS Furniture PLC,336.494,107.082,255.0,"IPO,Primary Share Offering,Secondary Share Offering,Best Efforts,PE Backed,PE Exit,Rule 144A",818.05,3.921568632,0.0,"Jefferies, Numis, UBS",Common,818.05
VM/ LN,2014-10-02,2014-11-13,2014-10-02,2014-11-13,VM/ LN,Virgin Money Holdings UK PLC,510.705,0.0,283.0,"IPO,Primary Share Offering,Secondary Share Offering",1963.08,1.060070634,0.0,"Bank of America Merrill Lynch, Barclays, Citi, Goldman Sachs",Common,1963.08
TLG GR,2014-09-26,2014-10-24,2014-09-26,2014-10-24,TLG GR,TLG Immobilien AG,476.266,33.5,10.75,"IPO,Primary Share Offering,Secondary Share Offering,PE Backed,REG S,Rule 144A",833.108,1.209302306,0.0,"Commerzbank, HSBC, JP Morgan, Kempen & Co NV, UBS",Common,833.108
ELIS FP,2014-09-09,2015-02-11,2014-09-09,2015-02-11,ELIS FP,Elis SA,1103.4,0.0,13.0,"IPO,Primary Share Offering,Secondary Share Offering,PE Backed,PE Exit,REG S,Rule 144A",1676.53,0.0,0.0,"BNP Paribas, Credit Agricole CIB, Deutsche Bank, Goldman Sachs, HSBC, Morgan Stanley, Societe Generale",Common,1676.53
FACC AV,2014-06-04,2014-06-25,2014-06-04,2014-06-25,FACC AV,FACC AG,263.996,21.7159,9.5,"IPO,Primary Share Offering,Secondary Share Offering,Government Exit",591.041,0.0,0.0,"Erste Group Bank, JP Morgan, Morgan Stanley",Common,591.041
ALM LN,2014-05-20,2014-06-20,2014-05-20,2014-06-20,ALM LN,Allied Minds PLC,209.542,0.0,190.0,"IPO,Primary Share Offering,Secondary Share Offering,PE Backed,PE Exit",677.083,0.0,0.0,Jefferies,Common,677.083
SAGA LN,2014-04-30,2014-05-23,2014-04-30,2014-05-23,SAGA LN,Saga PLC,928.014,297.297,185.0,"IPO,Primary Share Offering,PE Backed,PE Exit",3456.17,0.0,0.0,"Bank of America Merrill Lynch, Citi, Credit Suisse, Goldman Sachs, JP Morgan, UBS",Common,3456.17
CIR LN,2014-02-06,2014-03-13,2014-02-06,2014-03-13,CIR LN,Circassia Pharmaceuticals Plc,344.715,0.0,310.0,"IPO,Primary Share Offering,Secondary Share Offering",966.278,0.0,0.0,"JP Morgan, Peel Hunt LLP",Common,966.278
MDC LN,2013-05-28,2013-06-21,2013-05-28,2013-06-21,MDC LN,Mediclinic International PLC,345.326,0.0,575.0,"IPO,Primary Share Offering,Secondary Share Offering,PE Backed,PE Exit",1040.43,0.0,0.0,"Deutsche Bank, Goldman Sachs, HSBC",Common,1040.43
NMC LN,2012-03-08,2012-04-02,2012-03-08,2012-04-02,NMC LN,NMC Health PLC,203.904,55.7,210.0,"IPO,Primary Share Offering,Secondary Share Offering",0.0,0.0,0.0,Deutsche Bank,Common,665.0102026508789
POLY LN,2011-10-19,2011-10-28,2011-10-19,2011-10-28,POLY LN,Polymetal International PLC,845.995,53.35,920.0,"IPO,Primary Share Offering",5725.84,0.0,0.0,"Deutsche Bank, HSBC, Morgan Stanley, VTB Capital",Common,5725.84
OPHR LN,2011-06-09,2011-07-08,2011-06-09,2011-07-08,OPHR LN,Ophir Energy Ltd,393.344,93.8673,250.0,"IPO,Primary Share Offering",1289.28,2.0,0.0,"Credit Suisse, JP Morgan, RBC Capital Markets",Common,1289.28
GLEN LN,2011-04-14,2011-05-19,2011-04-14,2011-05-19,GLEN LN,Glencore PLC,9854.33,1132.08,530.0,"IPO,Primary Share Offering,Secondary Share Offering,Dual Listing",59401.8,3.396226406,0.0,"Bank of America Merrill Lynch, BNP Paribas, Citi, Credit Suisse, Morgan Stanley",Common,59401.8
BKIA SM,2011-04-06,2011-07-20,2011-04-06,2011-07-20,BKIA SM,Bankia SA,4428.88,824.572,3.75,"IPO,Primary Share Offering",0.0,-1.866666675,0.0,"Bankia, Bank of America Merrill Lynch, Barclays, BNP Paribas, Deutsche Bank, JP Morgan, Banco Santander, UBS",Common,9227.246743652342
OVS IM,2015-01-26,2015-03-02,2015-01-26,2015-03-02,OVS IM,OVS SpA,502.683,91.0,4.1,"IPO,Primary Share Offering,Secondary Share Offering,REG S,Rule 144A",1057.55,2.326034974e-06,2.326034974e-06,"Intesa Sanpaolo, Bank of America Merrill Lynch, Credit Suisse, Goldman Sachs, HSBC, UniCredit",Common,1057.55
WLN FP,2014-05-07,2014-06-27,2014-05-07,2014-06-27,WLN FP,Worldline SA/France,889.513,0.0,16.4,"IPO,Primary Share Offering,Secondary Share Offering,Rule 144A",2941.53,2.326034974e-06,2.326034974e-06,"Bank of America Merrill Lynch, Barclays, BNP Paribas, Deutsche Bank, Goldman Sachs, Societe Generale",Common,2941.53
FCT IM,2014-05-06,2014-07-03,2014-05-06,2014-07-03,FCT IM,Fincantieri SpA,496.604,703.98,0.78,"IPO,Primary Share Offering",1806.86,3.667978262e-06,3.667978262e-06,"Intesa Sanpaolo, BNP Paribas, Citi, Credit Suisse, Deutsche Bank, Goldman Sachs, HSBC, JP Morgan, Mediobanca, Morgan Stanley, UniCredit",Common,1806.86
MOVE SW,2019-03-22,2019-04-04,2019-03-22,2019-04-04,MOVE SW,Medacta Group SA,592.615,5.7,96.0,"IPO,Secondary Share Offering,REG S,Rule 144A",1920.19,8.333333015,0.1041666642,"Credit Suisse, JP Morgan, Morgan Stanley, UBS",Common,1920.19
LEG GR,2013-01-07,2013-02-01,2013-01-07,2013-02-01,LEG GR,LEG Immobilien AG,1527.33,26.4817,44.0,"IPO,Secondary Share Offering,PE Backed,PE Exit",2752.7,1.136363626,0.113636367,"Goldman Sachs, Deutsche Bank",Common,2752.7
HTY LN,2013-03-04,2013-03-26,2013-03-04,2013-03-26,HTY LN,HellermannTyton Group PLC,342.234,108.691,195.0,"IPO,Primary Share Offering,Secondary Share Offering",635.779,0.5128205419,0.1282051355,"Goldman Sachs, JP Morgan",Common,635.779
DWS GR,2018-02-26,2018-03-23,2018-02-26,2018-03-23,DWS GR,DWS Group GmbH & Co KGaA,1640.77,40.0,32.5,"IPO,Secondary Share Offering,REG S,Rule 144A",7996.95,0.1538461596,0.1538461596,"Deutsche Bank, Barclays, BNP Paribas, Citi, Credit Suisse, ING Groep, Morgan Stanley, UBS, UniCredit",Common,7996.95
RESURS SS,2016-04-18,2016-04-29,2016-04-18,2016-04-29,RESURS SS,Resurs Holding AB,473.389,60.0,55.0,"IPO,Secondary Share Offering,PE Backed,PE Exit,REG S,Rule 144A",1368.4,3.545454502,0.1818181872,"Carnegie, Goldman Sachs, Morgan Stanley, SEB",Common,1368.4
SPI LN,2014-06-25,2014-07-18,2014-06-25,2014-07-18,SPI LN,Spire Healthcare Group PLC,586.335,0.0,210.0,"IPO,Primary Share Offering,Secondary Share Offering,PE Backed,PE Exit",1438.18,0.4761904776,0.2380952388,"Bank of America Merrill Lynch, JP Morgan, Morgan Stanley",Common,1438.18
ESL LN,2017-03-23,2017-04-25,2017-03-23,2017-04-25,ESL LN,Eddie Stobart Logistics PLC,491.675,245.543,160.0,"IPO,Primary Share Offering,Secondary Share Offering,Best Efforts,Sub Sector Flag,REG S",732.159,1.5625,0.3125,,Common,732.159
BPOST BB,2013-05-23,2013-06-21,2013-05-23,2013-06-21,BPOST BB,bpost SA,1120.49,47.0,14.5,"IPO,Secondary Share Offering,PE Backed,PE Exit",3886.59,0.0,0.3448275924,"BNP Paribas, ING Groep, JP Morgan, KBC Group, Morgan Stanley, Nomura, UBS",Common,3886.59
SAX GR,2010-06-21,2010-07-15,2010-06-21,2010-07-15,SAX GR,Stroeer SE & Co KGaA,457.907,0.0,20.0,"IPO,Primary Share Offering,Secondary Share Offering,PE Backed,PE Exit",0.0,3.0,0.349999994,"JP Morgan, Morgan Stanley",Common,1071.534652552139
CTT PL,2013-11-04,2013-12-05,2013-11-04,2013-12-05,CTT PL,CTT-Correios de Portugal SA,711.906,95.4545,5.52,"IPO,Secondary Share Offering,Government Exit",1126.08,6.884058475,0.3623192012,"JP Morgan, Caixa Banco de Investimento SA",Common,1126.08
EXO LN,2014-03-20,2014-04-11,2014-03-20,2014-04-11,EXO LN,Exova Group Ltd,390.479,0.0,220.0,"IPO,Primary Share Offering,Secondary Share Offering,PE Backed,PE Exit",920.865,0.0,0.4545454681,"Barclays, Credit Suisse, Goldman Sachs",Common,920.865
ZAL GR,2014-09-03,2014-10-01,2014-09-03,2014-10-01,ZAL GR,Zalando SE,691.53,24.4762,21.5,"IPO,Primary Share Offering,VC Backed,REG S,Rule 144A",6681.64,12.0930233,0.4651162922,"Credit Suisse, Deutsche Bank, Goldman Sachs, JP Morgan, Morgan Stanley",Common,6681.64
PAH LN,2013-05-17,2013-05-17,2013-05-17,2013-05-17,PAH LN,Element Solutions Inc,885.0,88.5,10.0,"IPO,Primary Share Offering,SPAC",885.29,0.5,0.5,"Barclays, Citi",Common,885.29
KOJAMO FH,2018-05-21,2018-06-15,2018-05-21,2018-06-15,KOJAMO FH,Kojamo Oyj,651.472,0.0,8.5,"IPO,Primary Share Offering,Secondary Share Offering",2443.98,14.70588207,0.6000000238,"Goldman Sachs, JP Morgan, Nordea Bank Abp, OP Cooperative",Common,2443.98
LAND SW,2017-07-03,2017-07-21,2017-07-03,2017-07-21,LAND SW,Landis+Gyr Group AG,2380.37,29.4281,78.0,"IPO,Secondary Share Offering,VC Backed,VC Exit",2432.35,1.282051325,0.6410256624,"Credit Suisse, JP Morgan, Morgan Stanley, UBS",Common,2432.35
MDMG LI,2012-09-17,2012-10-12,2012-09-17,2012-10-12,MDMG LI,MD Medical Group Investments P,289.219,0.0,12.0,"IPO,Primary Share Offering,Secondary Share Offering",0.0,3.333333254,0.75,"Deutsche Bank, JP Morgan",Common,908.26125
SEN GR,2016-02-22,2016-03-23,2016-02-22,2016-03-23,SEN GR,Senvion SA,282.248,16.25,15.75,"IPO,Secondary Share Offering,Best Efforts,PE Backed,PE Exit",1151.62,1.587301612,0.9460317492,"Bank of America Merrill Lynch, Barclays, Joh Berenberg Gossler & Co KG, Citi, Deutsche Bank, JP Morgan, Morgan Stanley",Common,1151.62
SEPL LN,2014-03-11,2014-04-09,2014-03-11,2014-04-09,SEPL LN,SEPLAT Petroleum Development C,535.018,0.0,210.0,"IPO,Primary Share Offering,REG S,Rule 144A",0.0,-2.619047642,0.9523809552,"BNP Paribas, Citi, RBC Capital Markets, Renaissance Capital Pty Ltd, Industrial & Comm Bank of China",Common,1909.632811380615
690D GR,2018-10-05,2018-10-24,2018-10-05,2018-10-24,690D GR,Haier Smart Home Co Ltd,327.62,265.0,1.05,"IPO,Primary Share Offering",0.0,0.9523855448,0.9523855448,"China International Capital Corp, Deutsche Bank, JP Morgan, UBS",Common,11963.399208712557
FNTN GR,2010-01-13,2010-01-13,2010-01-13,2010-01-13,FNTN GR,Freenet AG,166.52,0.0,8.9,"IPO,Secondary Share Offering,PE Backed,PE Exit",0.0,1.123599887,1.011240244,"Goldman Sachs, UBS",Common,2568.50583511322
ELIOR FP,2014-05-28,2014-06-11,2014-05-28,2014-06-11,ELIOR FP,Elior Group SA,1297.01,0.0,14.75,"IPO,Primary Share Offering,Secondary Share Offering,PE Backed,PE Exit",3281.03,1.694915295,1.016949177,"Barclays, Credit Agricole CIB, Credit Suisse, Deutsche Bank, HSBC, JP Morgan",Common,3281.03
PNDXB SS,2015-05-26,2015-06-18,2015-05-26,2015-06-18,PNDXB SS,Pandox AB,750.673,52.1739,106.0,"IPO,Secondary Share Offering",1956.39,5.188679218,1.03773582,"ABG Sundal Collier Asa, Svenska Handelsbanken, Morgan Stanley",Class B,1956.39
AKD NO,2011-01-20,2011-02-25,2011-01-20,2011-02-25,AKD NO,Transocean Norway Drilling AS,668.62,0.0,19.0,"IPO,Primary Share Offering",0.0,0.5263158083,1.052631617,"Arctic Securities, DNB ASA, Pareto Securities",Common,959.7407400238895
ATCT NA,2014-01-07,2014-01-31,2014-01-07,2014-01-31,ATCT NA,Altice SA,2045.37,0.0,28.25,"IPO,Primary Share Offering,Secondary Share Offering",7736.65,0.1769911498,1.168141603,"Goldman Sachs, Morgan Stanley, Credit Suisse, Deutsche Bank, HSBC",Common,7736.65
TLX GR,2012-09-20,2012-10-02,2012-09-20,2012-10-02,TLX GR,Talanx AG,668.647,26.01,18.3,"IPO,Primary Share Offering",6000.51,-100.0,1.256834865,"Citi, Deutsche Bank, Joh Berenberg Gossler & Co KG, JP Morgan",Common,6000.51
SPOL NO,2017-05-04,2017-06-13,2017-05-04,2017-06-13,SPOL NO,Sparebank 1 Oestlandet,205.932,26.8256,78.0,"IPO,Secondary Share Offering,Best Efforts,Rule 144A",988.793,0.6410256624,1.282051325,"Pareto Securities, SpareBank 1 Markets AS, Swedbank",Common,988.793
KD8 GR,2010-03-10,2010-03-22,2010-03-10,2010-03-22,KD8 GR,Kabel Deutschland Holding AG,1035.88,0.0,22.0,"IPO,Secondary Share Offering,PE Backed,PE Exit",0.0,2.272727251,1.318181872,"Deutsche Bank, JP Morgan, Morgan Stanley, UBS",Common,2720.0709899999997
GPH LN,2017-04-19,2017-05-12,2017-04-19,2017-05-12,GPH LN,Global Ports Holding PLC,204.322,25.7347,740.0,"IPO,Primary Share Offering,Secondary Share Offering,Best Efforts,PE Backed,PE Exit,REG S,Rule 144A",598.492,0.6756756902,1.35135138,"Barclays, Citi, Goldman Sachs, VTB Capital",Common,598.492
HLAG GR,2015-09-28,2015-11-06,2015-09-28,2015-11-06,HLAG GR,Hapag-Lloyd AG,297.328,15.213,20.0,"IPO,Primary Share Offering,Secondary Share Offering,Best Efforts,REG S,Rule 144A",2550.93,0.25,1.495000005,"Joh Berenberg Gossler & Co KG, Citi, Credit Suisse, Deutsche Bank, Goldman Sachs, HSBC, UniCredit",Common,2550.93
KBX GR,2018-09-17,2018-10-12,2018-09-17,2018-10-12,KBX GR,Knorr-Bremse AG,4500.83,35.0435,80.0,"IPO,Secondary Share Offering,REG S,Rule 144A",14880.7,0.125,1.549999952,"Commerzbank, Deutsche Bank, Joh Berenberg Gossler & Co KG, JP Morgan, Morgan Stanley, UBS, UniCredit",Common,14880.7
XFAB FP,2017-03-07,2017-04-06,2017-03-07,2017-04-06,XFAB FP,X-Fab Silicon Foundries SE,450.921,50.0004,8.0,"IPO,Primary Share Offering,Secondary Share Offering,Government Exit,REG S,Rule 144A",1113.95,-2.5,1.75,"BNP Paribas, HSBC, Credit Suisse",Common,1113.95
GVNV NA,2015-01-12,2015-02-06,2015-01-12,2015-02-06,GVNV NA,GrandVision NV,1319.78,51.0,20.0,"IPO,Secondary Share Offering,Best Efforts,REG S,Rule 144A",5769.01,0.0,1.75,"ABN Amro Bank NV, Barclays, BNP Paribas, HSBC, JP Morgan",Common,5769.01
OSB LN,2014-05-07,2014-06-05,2014-05-07,2014-06-05,OSB LN,OneSavings Bank PLC,242.364,0.0,170.0,"IPO,Primary Share Offering,Secondary Share Offering,PE Backed,PE Exit,REG S,Rule 144A",694.285,1.176470637,1.764705896,"Barclays, Canaccord Genuity, RBC Capital Markets",Common,694.285
GTT FP,2014-02-17,2014-02-27,2014-02-17,2014-02-27,GTT FP,Gaztransport Et Technigaz SA,902.709,13.5,46.0,"IPO,Secondary Share Offering,PE Backed,PE Exit",2328.78,0.2173912972,2.173913002,"Deutsche Bank, Lazard Natixis, Morgan Stanley",Common,2328.78
TTALO FH,2017-09-14,2017-10-11,2017-09-14,2017-10-11,TTALO FH,Terveystalo Oyj,1041.65,72.9946,9.76,"IPO,Primary Share Offering,Secondary Share Offering,Best Efforts,PE Backed,PE Exit,REG S,Rule 144A",1468.58,5.532784462,2.459013939,"Carnegie, Jefferies, Morgan Stanley, OP Cooperative, SEB",Common,1468.58
KVW NA,2017-04-18,2017-05-12,2017-04-18,2017-05-12,KVW NA,Koninklijke Volkerwessels NV,694.193,25.0,23.0,"IPO,Secondary Share Offering,Best Efforts,REG S,Rule 144A",2009.1,0.0,2.521739244,"ABN Amro Bank NV, BNP Paribas, Rabobank, ING Groep, Bank of America Merrill Lynch, Morgan Stanley",Common,2009.1
ASRNL NA,2016-05-13,2016-06-10,2016-05-13,2016-06-10,ASRNL NA,ASR Nederland NV,1199.16,52.2,19.5,"IPO,Secondary Share Offering,Best Efforts,Government Exit,REG S,Rule 144A",3298.81,4.871794701,2.56410265,"ABN Amro Bank NV, Barclays, Citi, Deutsche Bank, HSBC, ING Groep, Rabobank",Common,3298.81
OCY NO,2013-05-29,2013-07-05,2013-05-29,2013-07-05,OCY NO,Ocean Yield ASA,161.372,33.5,27.0,"IPO,Primary Share Offering,Secondary Share Offering",594.955,0.0,2.592592478,,Common,594.955
HLE GR,2014-11-03,2014-11-11,2014-11-03,2014-11-11,HLE GR,Hella GmbH & Co KGaA,190.24,5.0,26.5,"IPO,Secondary Share Offering",3650.52,3.773584843,2.641509533,"Bankhaus Lampe KG, Citi",Common,3650.52
SSPG LN,2014-06-17,2014-07-10,2014-06-17,2014-07-10,SSPG LN,SSP Group Plc,939.608,0.0,210.0,"IPO,Primary Share Offering,Secondary Share Offering,PE Backed",1707.52,4.761904716,2.738095284,"Bank of America Merrill Lynch, Goldman Sachs, Jefferies, Morgan Stanley",Common,1707.52
CHOO LN,2014-09-23,2014-10-17,2014-09-23,2014-10-17,CHOO LN,Jimmy Choo Group Ltd,253.219,0.0,140.0,"IPO,Secondary Share Offering",878.246,0.7142857313,2.8571429249999998,"HSBC, Bank of America Merrill Lynch",Common,878.246
CASH SM,2017-02-01,2017-03-17,2017-02-01,2017-03-17,CASH SM,Prosegur Cash SA,887.114,375.0,2.0,"IPO,Secondary Share Offering,REG S,Rule 144A",3188.1,7.5,3.0,"Banco Bilbao Vizcaya Argentaria, Banco Santander, Citi, Goldman Sachs, JB Capital Markets, HSBC, Deutsche Bank",Common,3188.1
EVK GR,2013-04-22,2013-04-25,2013-04-22,2013-04-25,EVK GR,Evonik Industries AG,391.576,9.32,32.2,"IPO,Secondary Share Offering,PE Backed,PE Exit,Accelerated Bookbuild",19515.8,2.484469652,3.012419939,"Deutsche Bank, MainFirst Bank AG",Common,19515.8
ENTRA NO,2014-09-17,2014-10-17,2014-09-17,2014-10-17,ENTRA NO,Entra ASA,934.165,51.0,65.0,"IPO,Primary Share Offering,Secondary Share Offering,Best Efforts,Government Exit,REG S,Rule 144A",1825.95,0.0,3.076923132,"ABG Sundal Collier Asa, Goldman Sachs, Swedbank",Common,1825.95
LOG SM,2014-06-10,2014-07-14,2014-06-10,2014-07-14,LOG SM,Cia de Distribucion Integral L,701.31,36.2045,13.0,"IPO,Secondary Share Offering",2346.5,1.923076868,3.076923132,"Credit Suisse, Goldman Sachs, Morgan Stanley",Common,2346.5
IBST LN,2015-09-28,2015-10-22,2015-09-28,2015-10-22,IBST LN,Ibstock PLC,538.663,122.0,190.0,"IPO,Primary Share Offering,Secondary Share Offering,PE Backed,PE Exit,REG S,Rule 144A",1185.41,4.736842155,3.15789485,"Barclays, JP Morgan, Numis, UBS",Common,1185.41
HOME SM,2017-03-06,2017-03-29,2017-03-06,2017-03-29,HOME SM,Neinor Homes SA,820.222,43.0937,16.46,"IPO,Primary Share Offering,Secondary Share Offering,PE Backed,PE Exit,REG S,Rule 144A",1393.4,7.229653358,3.159179449,"Credit Suisse, Citi, BNP Paribas, Banco Santander, JP Morgan",Common,1393.4
HIS SM,2014-03-03,2014-03-14,2014-03-03,2014-03-14,HIS SM,Hispania Activos Inmobiliarios,755.48,50.0,10.0,"IPO,Primary Share Offering",765.499,5.0,3.25,"Goldman Sachs, UBS",Common,765.499
MATAS DC,2013-05-31,2013-06-28,2013-05-31,2013-06-28,MATAS DC,Matas A/S,489.449,21.2712,115.0,"IPO,Secondary Share Offering,PE Backed,PE Exit",818.091,6.086956501,3.478260756,"Morgan Stanley, Nordea Bank Abp",Common,818.091
AMUN FP,2015-06-17,2015-11-12,2015-06-17,2015-11-12,AMUN FP,Amundi SA,1882.58,33.3583,45.0,"IPO,Secondary Share Offering,REG S,Rule 144A",8052.79,0.0,3.555555582,"Credit Agricole CIB, Societe Generale, Citi, Deutsche Bank, Goldman Sachs, JP Morgan, Bank of America Merrill Lynch, Morgan Stanley, UBS",Common,8052.79
BAKK LN,2017-10-10,2017-11-16,2017-10-10,2017-11-16,BAKK LN,Bakkavor Group PLC,344.44,0.0,180.0,"IPO,Primary Share Offering,Secondary Share Offering,REG S,Rule 144A",1376.2,6.666666508,3.611111164,"Barclays, Citi, HSBC, Morgan Stanley, Peel Hunt LLP",Common,1376.2
NEOEN FP,2018-09-19,2018-10-17,2018-09-19,2018-10-17,NEOEN FP,Neoen SA,815.679,38.8936,16.5,"IPO,Primary Share Offering,Secondary Share Offering,PE Backed,PE Exit,Government Exit,REG S,Rule 144A",1623.41,3.636363745,3.636363745,"Barclays, JP Morgan, Natixis, Societe Generale",Common,1623.41
HFG GR,2015-10-28,2017-11-02,2015-10-28,2017-11-02,HFG GR,HelloFresh SE,315.961,27.0,10.25,"IPO,Primary Share Offering,PE Backed,PE Exit",1918.76,3.414634228,3.746341467,"BNP Paribas, Deutsche Bank, Joh Berenberg Gossler & Co KG, JP Morgan, Morgan Stanley",Common,1918.76
INFI LN,2013-11-04,2013-11-15,2013-11-04,2013-11-15,INFI LN,Tooley Energy Ltd,379.484,0.0,260.0,"IPO,Secondary Share Offering,PE Backed,PE Exit",1253.54,0.0,3.846153736,"Barclays, Deutsche Bank, RBC Capital Markets",Common,1253.54
SFR NO,2010-09-23,2010-10-22,2010-09-23,2010-10-22,SFR NO,Circle K AS,908.002,0.0,39.0,"IPO,Secondary Share Offering",0.0,7.43589735,3.846153736,"ABG Sundal Collier Asa, Bank of America Merrill Lynch, Citi",Common,2003.0473712143262
JUB LN,2010-11-08,2010-11-24,2010-11-08,2010-11-24,JUB LN,Jubilant Energy NV,86.2179,0.0,77.0,"IPO,Primary Share Offering,Sub Sector Flag",509.787,4.545454502,3.896103859,"Investec, Renaissance Capital Pty Ltd",Common,509.787
SFSN SW,2014-04-03,2014-05-07,2014-04-03,2014-05-07,SFSN SW,SFS Group AG,789.862,10.0089,64.0,"IPO,Primary Share Offering,Secondary Share Offering",2740.98,4.6875,3.984375,"Credit Suisse, Morgan Stanley, UBS",Common,2740.98
B2H NO,2016-05-24,2016-06-08,2016-05-24,2016-06-08,B2H NO,B2Holding ASA,104.093,73.05,12.0,"IPO,Primary Share Offering,Secondary Share Offering,Rule 144A",544.458,8.333333015,4.166666508,"ABG Sundal Collier Asa, Arctic Securities, Nordea Bank Abp",Common,544.458
AMGO LN,2018-06-07,2018-06-29,2018-06-07,2018-06-29,AMGO LN,Amigo Holdings PLC,482.173,0.0,275.0,"IPO,Secondary Share Offering,REG S,Rule 144A",1724.68,5.454545498,4.181818008,"JP Morgan, Macquarie, RBC Capital Markets",Common,1724.68
CCFS LN,2017-09-05,2017-09-29,2017-09-05,2017-09-29,CCFS LN,Charter Court Financial Servic,329.355,0.0,230.0,"IPO,Primary Share Offering,Secondary Share Offering,REG S,Rule 144A",780.927,3.478260756,4.347826004,"Barclays, Stifel, RBC Capital Markets",Common,780.927
O2D GR,2012-10-03,2012-10-30,2012-10-03,2012-10-30,O2D GR,Telefonica Deutschland Holding,1870.37,225.0,5.6,"IPO,Primary Share Offering,Secondary Share Offering",8310.49,0.05357313156,4.410716057,"Bank of America Merrill Lynch, BNP Paribas, Citi, HSBC, JP Morgan, UBS",Common,8310.49
CSP LN,2016-01-14,2016-02-12,2016-01-14,2016-02-12,CSP LN,Countryside Properties PLC,503.498,0.0,225.0,"IPO,Primary Share Offering,Secondary Share Offering,REG S,Rule 144A",1465.49,0.8888888955,4.444444656,"Barclays, JP Morgan, Numis, Peel Hunt LLP",Common,1465.49
APPS SM,2014-04-02,2014-05-09,2014-04-02,2014-05-09,APPS SM,Applus Services SA,1665.69,83.0189,14.5,"IPO,Primary Share Offering,Secondary Share Offering,PE Backed,PE Exit",2612.8,3.448275805,4.482758522,"Citi, JP Morgan, Morgan Stanley, UBS",Common,2612.8
ZIOC LN,2010-11-03,2010-11-18,2010-11-03,2010-11-18,ZIOC LN,Zanaga Iron Ore Co Ltd,99.8759,0.0,156.0,"IPO,Primary Share Offering,Secondary Share Offering,Best Efforts,Sub Sector Flag",701.187,7.051281929,4.487179279,,Common,701.187
VVO LN,2018-04-10,2018-05-04,2018-04-10,2018-05-04,VVO LN,Vivo Energy PLC,853.116,332.275,165.0,"IPO,Secondary Share Offering,Dual Listing,REG S,Rule 144A",2682.11,2.727272749,4.545454502,"BNP Paribas, Citi, Credit Suisse, JP Morgan, FirstRand Ltd, Standard Bank of South Africa",Common,2682.11
ZPG LN,2014-05-22,2014-06-18,2014-05-22,2014-06-18,ZPG LN,ZPG Ltd,652.575,192.6,220.0,"IPO,Secondary Share Offering,VC Backed,VC Exit",1557.29,1.363636374,4.545454502,"Credit Suisse, Jefferies",Common,1557.29
VAO GR,2017-05-31,2017-06-27,2017-05-31,2017-06-27,VAO GR,Vapiano SE,189.987,7.5807,23.0,"IPO,Primary Share Offering,Secondary Share Offering,Best Efforts,REG S,Rule 144A",618.347,4.13043499,4.652173996,"Barclays, Jefferies, Joh Berenberg Gossler & Co KG, UniCredit",Common,618.347
RWAY IM,2014-09-09,2014-11-14,2014-09-09,2014-11-14,RWAY IM,RAI Way SpA,361.971,83.0,2.95,"IPO,Secondary Share Offering,REG S,Rule 144A",1000.19,0.6779644489,4.677964211,"Intesa Sanpaolo, BNP Paribas, Citi, Credit Suisse, Mediobanca",Common,1000.19
QLT LN,2018-04-20,2018-06-25,2018-04-20,2018-06-25,QLT LN,Quilter PLC,341.432,0.0,145.0,"IPO,Secondary Share Offering,Dual Listing,REG S,Rule 144A",3659.11,4.13793087,4.827586174,"Bank of America Merrill Lynch, BNP Paribas, Goldman Sachs, JP Morgan",Common,3659.11
HEMF SS,2014-03-10,2014-03-21,2014-03-10,2014-03-21,HEMF SS,Hemfosa Fastigheter AB,566.513,34.5089,93.0,"IPO,Primary Share Offering,Secondary Share Offering,PE Backed,PE Exit",950.909,5.913978577,4.838709831,"SEB, Swedbank",Common,950.909
BWLPG NO,2013-11-11,2013-11-21,2013-11-11,2013-11-21,BWLPG NO,BW LPG Ltd,572.775,72.0367,47.0,"IPO,Primary Share Offering,Secondary Share Offering",1122.14,6.382978916,4.893617153,"Bank of America Merrill Lynch, Deutsche Bank, SEB",Common,1122.14
SHUR BB,2018-09-28,2018-10-15,2018-09-28,2018-10-15,SHUR BB,Shurgard Self Storage SA,580.99,0.0,23.0,"IPO,Primary Share Offering,REG S,Rule 144A",2365.23,4.347826004,4.934782505,"BNP Paribas, HSBC, JP Morgan, Kempen & Co NV, Societe Generale",Common,2365.23
CRN LN,2015-06-03,2015-06-10,2015-06-03,2015-06-10,CRN LN,Cairn Homes PLC,495.22,0.0,1.0,"IPO,Primary Share Offering",528.647,5.0,5.0,"Credit Suisse, Goodbody",Common,528.647
MAREL NA,2019-05-20,2019-06-07,2019-05-20,2019-06-07,MAREL NA,Marel HF,413.216,90.9091,3.7,"IPO,Primary Share Offering,Dual Listing,REG S,Rule 144A",0.0,4.05405283,5.405404091,"ABN Amro Bank NV, Citi, ING Groep, JP Morgan, Rabobank",Common,3369.6541551581995
SHAW LN,2015-03-12,2015-04-01,2015-03-12,2015-04-01,SHAW LN,Shawbrook Group PLC,371.711,75.0,290.0,"IPO,Primary Share Offering,Secondary Share Offering,PE Backed,PE Exit,REG S,Rule 144A",1075.1,4.13793087,5.517241478,"Bank of America Merrill Lynch, Goldman Sachs, Macquarie",Common,1075.1
ONTEX BB,2014-05-28,2014-06-25,2014-05-28,2014-06-25,ONTEX BB,Ontex Group NV,810.689,0.0,18.0,"IPO,Primary Share Offering,Secondary Share Offering,PE Backed,PE Exit",1670.67,2.777777672,5.555555344,"Goldman Sachs, Bank of America Merrill Lynch, JP Morgan, UBS",Common,1670.67
BME LN,2014-05-22,2014-06-12,2014-05-22,2014-06-12,BME LN,B&M European Value Retail SA,1984.37,400.0,270.0,"IPO,Primary Share Offering,Secondary Share Offering,PE Backed,PE Exit",4539.51,3.333333254,5.555555344,"Bank of America Merrill Lynch, Credit Suisse, Deutsche Bank, Goldman Sachs",Common,4539.51
CHR DC,2010-04-26,2010-06-03,2010-04-26,2010-06-03,CHR DC,Chr Hansen Holding A/S,989.732,0.0,90.0,"IPO,Primary Share Offering,Secondary Share Offering",2032.77,4.444444656,5.555555344,"Credit Suisse, Danske Bank, JP Morgan, Morgan Stanley, SEB",Common,2032.77
SPIE FP,2014-07-09,2015-06-10,2014-07-09,2015-06-10,SPIE FP,SPIE SA,1407.63,0.0,16.5,"IPO,Primary Share Offering,Secondary Share Offering,PE Backed,PE Exit",2789.32,3.030303001,5.757575989,"Bank of America Merrill Lynch, Barclays, BNP Paribas, HSBC, JP Morgan, Societe Generale, UBS",Common,2789.32
EKT SM,2015-06-03,2015-07-01,2015-06-03,2015-07-01,EKT SM,Euskaltel SA,945.727,80.4089,9.5,"IPO,Secondary Share Offering,REG S,Rule 144A",1340.71,10.52631569,5.789473534,"Banco Bilbao Vizcaya Argentaria, Citi, JP Morgan, UBS",Common,1340.71
ESUR LN,2013-02-27,2013-03-22,2013-02-27,2013-03-22,ESUR LN,esure Group PLC,1052.08,178.684,290.0,"IPO,Primary Share Offering,Secondary Share Offering,PE Backed,PE Exit",1840.34,8.620689392,5.86206913,"Deutsche Bank, JP Morgan",Common,1840.34
MDM FP,2016-04-19,2016-05-27,2016-04-19,2016-05-27,MDM FP,Maisons du Monde SA,431.72,19.696,17.0,"IPO,Primary Share Offering,Secondary Share Offering,PE Backed,PE Exit,REG S,Rule 144A",859.56,2.941176414,5.882352829,"Citi, Credit Agricole CIB, Goldman Sachs, Jefferies, JP Morgan, Societe Generale",Common,859.56
SNTC SS,2013-11-13,2013-12-10,2013-11-13,2013-12-10,SNTC SS,Geberit Production Oy,549.748,40.0,61.0,"IPO,Secondary Share Offering,PE Backed,PE Exit",934.451,4.918032646,6.147541046,"Carnegie, Nordea Bank Abp, UBS",Common,934.451
PLP LN,2014-03-18,2014-04-11,2014-03-18,2014-04-11,PLP LN,Polypipe Group plc,529.392,0.0,245.0,"IPO,Secondary Share Offering",820.407,0.0,6.224489689,"Deutsche Bank, Numis",Common,820.407
DKSH SW,2012-02-15,2012-03-20,2012-02-15,2012-03-20,DKSH SW,DKSH Holding AG,977.653,17.1,48.0,"IPO,Secondary Share Offering,PE Backed,PE Exit",3344.67,6.25,6.25,"Credit Suisse, Deutsche Bank, Joh Berenberg Gossler & Co KG, UBS",Common,3344.67
AZEM LN,2010-10-01,2010-10-29,2010-10-01,2010-10-29,AZEM LN,AZ Electronic Materials Sarl,696.516,0.0,240.0,"IPO,Primary Share Offering,Secondary Share Offering,PE Backed,PE Exit",1464.26,9.166666985,6.25,"Deutsche Bank, Goldman Sachs, UBS",Common,1464.26
NN NA,2014-06-05,2014-07-02,2014-06-05,2014-07-02,NN NA,NN Group NV,2415.11,77.0,20.0,"IPO,Secondary Share Offering",9583.7,5.0,6.300000191,"ING Groep, BNP Paribas, Citi, Commerzbank, Credit Suisse, Deutsche Bank, JP Morgan, Morgan Stanley, Nomura",Common,9583.7
UNI SM,2017-03-25,2017-06-30,2017-03-25,2017-06-30,UNI SM,Unicaja Banco SA,817.052,625.0,1.1,"IPO,Primary Share Offering,REG S,Rule 144A",2015.42,6.363634109,6.363634109,"Citi, Credit Suisse, Morgan Stanley, UBS",Common,2015.42
VNA GR,2013-02-21,2013-07-11,2013-02-21,2013-07-11,VNA GR,Vonovia SE,759.0,30.303,16.5,"IPO,Primary Share Offering,Secondary Share Offering,PE Backed,PE Exit",4733.03,3.636363745,6.363636494,"Morgan Stanley, JP Morgan, Deutsche Bank, Bank of America Merrill Lynch",Common,4733.03
TKWY NA,2016-09-06,2016-09-30,2016-09-06,2016-09-30,TKWY NA,Takeaway.com NV,424.367,16.9265,23.0,"IPO,Primary Share Offering,Secondary Share Offering,Best Efforts,VC Backed,VC Exit,REG S,Rule 144A",1114.68,2.173913002,6.5,"ABN Amro Bank NV, Bank of America Merrill Lynch, Morgan Stanley, UBS",Common,1114.68
PBB GR,2015-06-10,2015-07-16,2015-06-10,2015-07-16,PBB GR,Deutsche Pfandbriefbank AG,1307.28,100.991,10.75,"IPO,Secondary Share Offering,REG S,Rule 144A",1582.51,-100.0,6.511627674,"Joh Berenberg Gossler & Co KG, Citi, Commerzbank, Deutsche Bank, JP Morgan",Common,1582.51
IMCD NA,2014-06-03,2014-06-27,2014-06-03,2014-06-27,IMCD NA,IMCD NV,724.321,22.4721,21.0,"IPO,Primary Share Offering,Secondary Share Offering,PE Backed,PE Exit",0.0,4.761904716,6.523809433,"Deutsche Bank, Goldman Sachs, HSBC, Rabobank",Common,1525.74585
ARW LN,2013-09-10,2013-10-08,2013-09-10,2013-10-08,ARW LN,Arrow Global Group PLC,326.849,0.0,205.0,"IPO,Primary Share Offering,Secondary Share Offering,Government Exit",575.174,9.756097794,6.585365772,"Goldman Sachs, Jefferies",Common,575.174
CYBG LN,2015-12-07,2016-02-03,2015-12-07,2016-02-03,CYBG LN,CYBG PLC,595.952,191.156,180.0,"IPO,Secondary Share Offering",2280.77,1.666666627,6.666666508,"Bank of America Merrill Lynch, JP Morgan, Macquarie, Morgan Stanley",Common,2280.77
XXL NO,2014-09-09,2014-10-03,2014-09-09,2014-10-03,XXL NO,XXL ASA,478.56,31.5,58.0,"IPO,Primary Share Offering,Secondary Share Offering,PE Backed,PE Exit,REG S,Rule 144A",1231.01,0.0,6.896551609,"ABG Sundal Collier Asa, Carnegie, Credit Suisse, Goldman Sachs",Common,1231.01
SOPH LN,2015-06-03,2015-06-26,2015-06-03,2015-06-26,SOPH LN,Sophos Group PLC,620.67,156.525,225.0,"IPO,Primary Share Offering,Secondary Share Offering,PE Backed,PE Exit,REG S,Rule 144A",1593.17,0.0,7.222222328,"Deutsche Bank, JP Morgan, Morgan Stanley, UBS",Common,1593.17
ELTEL SS,2015-01-12,2015-02-06,2015-01-12,2015-02-06,ELTEL SS,Eltel AB,355.169,51.1,68.0,"IPO,Primary Share Offering,Secondary Share Offering,PE Backed,PE Exit,REG S,Rule 144A",506.59,10.29411793,7.352941036,"BNP Paribas, Morgan Stanley, SEB",Common,506.59
DLG LN,2012-09-14,2012-10-11,2012-09-14,2012-10-11,DLG LN,Direct Line Insurance Group PL,1470.73,500.0,175.0,"IPO,Secondary Share Offering,Government Exit",4200.79,3.428571463,7.428571224,"Goldman Sachs, Morgan Stanley, UBS",Common,4200.79
MTRO LN,2016-03-04,2016-03-07,2016-03-04,2016-03-07,MTRO LN,Metro Bank PLC,568.88,0.0,2000.0,"IPO,Primary Share Offering",2282.93,4.0,7.5,"Bank of America Merrill Lynch, Goldman Sachs, Stifel, RBC Capital Markets",Common,2282.93
BRAV SS,2015-09-21,2015-10-16,2015-09-21,2015-10-16,BRAV SS,Bravida Holding AB,389.222,70.5483,40.0,"IPO,Secondary Share Offering,Best Efforts,PE Backed,PE Exit,REG S,Rule 144A",980.813,6.5,7.5,"Deutsche Bank, Morgan Stanley, Nordea Bank Abp, SEB",Common,980.813
ALBK ID,2017-05-30,2017-06-23,2017-05-30,2017-06-23,ALBK ID,Allied Irish Banks PLC,3837.15,678.595,4.4,"IPO,Secondary Share Offering,Best Efforts,Dual Listing,Government Exit,REG S,Rule 144A",13372.9,8.181816101,7.613634109,"Bank of America Merrill Lynch, Citi, Davy, Deutsche Bank, Goldman Sachs, Goodbody, JP Morgan, UBS",Common,13372.9
SDRY LN,2010-02-15,2010-03-24,2010-02-15,2010-03-24,SDRY LN,Superdry PLC,187.896,0.0,500.0,"IPO,Primary Share Offering",0.0,0.400000006,8.0,Tenebris Realisations Ltd,Common,635.4207000000004
FBK IM,2014-04-17,2014-07-02,2014-04-17,2014-07-02,FBK IM,FinecoBank Banca Fineco SpA,1069.22,181.883,3.7,"IPO,Secondary Share Offering",3059.96,8.108106613,8.108106613,"UniCredit, Mediobanca, UBS",Common,3059.96
IREN SW,2016-06-07,2016-06-30,2016-06-07,2016-06-30,IREN SW,Investis Holding SA,168.898,3.0612,53.0,"IPO,Primary Share Offering,Secondary Share Offering,REG S",694.157,1.415094376,8.113207817,Credit Suisse,Common,694.157
AMS SM,2010-04-16,2010-04-29,2010-04-16,2010-04-29,AMS SM,Amadeus IT Group SA,1950.04,0.0,11.0,"IPO,Primary Share Offering,Secondary Share Offering,PE Backed,PE Exit",0.0,0.0,8.181818008,"Goldman Sachs, JP Morgan, Morgan Stanley",Common,7053.519395687257
COFA FP,2014-05-07,2014-06-27,2014-05-07,2014-06-27,COFA FP,Coface SA,1331.68,79.9891,10.4,"IPO,Secondary Share Offering",2220.32,0.09615752101,8.557696342,"Natixis, BNP Paribas, Credit Suisse, Deutsche Bank, JP Morgan, Morgan Stanley",Common,2220.32
BNR GR,2010-03-15,2010-03-29,2010-03-15,2010-03-29,BNR GR,Brenntag AG,1021.98,0.0,50.0,"IPO,Primary Share Offering,Secondary Share Offering,PE Backed,PE Exit",3460.54,0.0,8.659999847,"Bank of America Merrill Lynch, Deutsche Bank, Goldman Sachs, JP Morgan",Common,3460.54
WIZZ LN,2015-02-04,2015-02-25,2015-02-04,2015-02-25,WIZZ LN,Wizz Air Holdings Plc,469.645,0.0,1150.0,"IPO,Primary Share Offering,Secondary Share Offering,REG S,Rule 144A",932.137,4.347826004,8.695652008,"Barclays, Citi, JP Morgan",Common,932.137
TKBP SW,2014-03-24,2014-04-07,2014-03-24,2014-04-07,TKBP SW,Thurgauer Kantonalbank,210.514,2.175,74.0,"IPO,Primary Share Offering,Secondary Share Offering",1665.54,2.702702761,8.716216087,Zuercher Kantonalbank,Common,1665.54
STM GR,2014-04-25,2014-05-23,2014-04-25,2014-05-23,STM GR,Stabilus SA,361.703,10.971,21.5,"IPO,Primary Share Offering,Secondary Share Offering,PE Backed,PE Exit",607.189,5.8139534,8.772092819,"Commerzbank, JP Morgan",Common,607.189
JE/ LN,2014-03-17,2014-04-03,2014-03-17,2014-04-03,JE/ LN,Just Eat PLC,599.148,138.503,260.0,"IPO,Primary Share Offering,Secondary Share Offering,VC Backed,PE Backed",2431.0,9.615385056,8.846154213,"Goldman Sachs, JP Morgan",Common,2431.0
AUTO LN,2015-02-26,2015-03-19,2015-02-26,2015-03-19,AUTO LN,Auto Trader Group PLC,2456.76,0.0,235.0,"IPO,Primary Share Offering,Secondary Share Offering,PE Backed,PE Exit,REG S,Rule 144A",3459.67,11.06382942,8.936170578,"Bank of America Merrill Lynch, Deutsche Bank, JP Morgan, Morgan Stanley",Common,3459.67
SIGN SW,2018-09-03,2018-09-28,2018-09-03,2018-09-28,SIGN SW,SIG Combibloc Group AG,1761.84,0.0,11.25,"IPO,Primary Share Offering,Secondary Share Offering,PE Backed",3688.01,5.333333492,9.333333015,"Bank of America Merrill Lynch, Barclays, Citi, Credit Suisse, Goldman Sachs, Morgan Stanley, UBS",Common,3688.01
COMH SS,2014-05-23,2014-06-17,2014-05-23,2014-06-17,COMH SS,Com Hem Holding AB,938.392,0.0,58.0,"IPO,Primary Share Offering,PE Backed",1893.54,3.448275805,9.568965912,"Carnegie, JP Morgan, Morgan Stanley, Nordea Bank Abp",Common,1893.54
ORSTED DC,2015-09-18,2016-06-09,2015-09-18,2016-06-09,ORSTED DC,Orsted A/S,2998.42,72.834,235.0,"IPO,Secondary Share Offering,Best Efforts,Government Exit,REG S,Rule 144A",14944.9,8.510638237,9.787234306,"Citi, Danske Bank, JP Morgan, Morgan Stanley, Nordea Bank Abp, UBS",Common,14944.9
SHL GR,2017-11-29,2018-03-16,2017-11-29,2018-03-16,SHL GR,Siemens Healthineers AG,4977.43,130.435,28.0,"IPO,Secondary Share Offering,REG S,Rule 144A",34538.0,3.928571463,9.821428299,"Bank of America Merrill Lynch, BNP Paribas, Citi, Deutsche Bank, Goldman Sachs, JP Morgan, UBS",Common,34538.0
AMBEA SS,2017-03-13,2017-03-31,2017-03-13,2017-03-31,AMBEA SS,Ambea AB,256.137,26.5655,75.0,"IPO,Primary Share Offering,Secondary Share Offering,PE Backed,PE Exit,REG S,Rule 144A",574.137,6.666666508,10.0,"Carnegie, Danske Bank, Nordea Bank Abp",Common,574.137
LIGHT NA,2016-05-03,2016-05-27,2016-05-03,2016-05-27,LIGHT NA,Signify NV,994.204,37.5,20.0,"IPO,Secondary Share Offering,REG S,Rule 144A",3352.8,5.0,10.0,"Citi, Goldman Sachs, ING Groep, JP Morgan, Morgan Stanley, Societe Generale",Common,3352.8
KWE LN,2014-02-14,2014-02-25,2014-02-14,2014-02-25,KWE LN,Kennedy Wilson Europe Real Est,1674.97,0.0,1000.0,"IPO,Primary Share Offering",1674.97,10.0,10.0,"Bank of America Merrill Lynch, Davy, Deutsche Bank",Common,1674.97
CLNX SM,2015-04-07,2015-05-07,2015-04-07,2015-05-07,CLNX SM,Cellnex Telecom SA,2322.93,139.01,14.0,"IPO,Secondary Share Offering,REG S,Rule 144A",3633.11,10.78571415,10.071428300000001,"Banco Santander, BNP Paribas, CaixaBank, Citi, Goldman Sachs, Morgan Stanley, Societe Generale",Common,3633.11
MERL LN,2013-10-21,2013-11-08,2013-10-21,2013-11-08,MERL LN,Merlin Entertainments PLC,1699.96,306.11,315.0,"IPO,Primary Share Offering,Secondary Share Offering,PE Backed,PE Exit",5148.97,3.174603224,10.15873051,"Barclays, Citi, Goldman Sachs, Morgan Stanley",Common,5148.97
GALE SW,2017-03-14,2017-04-07,2017-03-14,2017-04-07,GALE SW,Galenica AG,1885.23,42.3913,39.0,"IPO,Secondary Share Offering,REG S,Rule 144A",1941.65,10.2564106,10.2564106,"Citi, Credit Suisse, Deutsche Bank, UBS",Common,1941.65
DHER GR,2017-06-06,2017-06-30,2017-06-06,2017-06-30,DHER GR,Delivery Hero SE,1114.61,33.95,25.5,"IPO,Primary Share Offering,Secondary Share Offering,VC Backed,VC Exit,PE Backed,PE Exit,REG S,Rule 144A",5013.2,5.490196228,10.38823509,"Citi, Goldman Sachs, Jefferies, Joh Berenberg Gossler & Co KG, Morgan Stanley, UBS, UniCredit",Common,5013.2
WPG LN,2015-09-18,2015-10-13,2015-09-18,2015-10-13,WPG LN,Worldpay Group Ltd,3870.32,0.0,240.0,"IPO,Primary Share Offering,Secondary Share Offering,PE Backed,PE Exit,REG S,Rule 144A",7318.56,3.333333254,10.41666698,"Bank of America Merrill Lynch, Barclays, Credit Suisse, Goldman Sachs, Morgan Stanley, UBS",Common,7318.56
CPP LN,2010-02-18,2010-03-19,2010-02-18,2010-03-19,CPP LN,CPP Group PLC,257.433,0.0,235.0,"IPO,Primary Share Offering,Secondary Share Offering",0.0,5.106382847,10.53191471,"JP Morgan, UBS",Common,665.1114172261811
WAF GR,2015-05-15,2015-06-11,2015-05-15,2015-06-11,WAF GR,Siltronic AG,433.844,11.0,30.0,"IPO,Primary Share Offering,Secondary Share Offering",1017.36,5.0,10.53666687,"Citi, Credit Suisse",Common,1017.36
SFER IM,2011-06-09,2011-06-29,2011-06-09,2011-06-29,SFER IM,Salvatore Ferragamo SpA,550.499,38.275,9.0,"IPO,Secondary Share Offering",2148.34,7.777777672,10.55555534,"Intesa Sanpaolo, JP Morgan, Mediobanca",Common,2148.34
ENAV IM,2016-04-06,2016-07-26,2016-04-06,2016-07-26,ENAV IM,Enav SpA,951.532,230.0,3.3,"IPO,Secondary Share Offering,Government Exit,REG S,Rule 144A",1967.97,9.090910912,10.60606194,"Intesa Sanpaolo, Barclays, Credit Suisse, JP Morgan, Mediobanca, UniCredit",Common,1967.97
PRTC LN,2015-05-26,2015-06-19,2015-05-26,2015-06-19,PRTC LN,PureTech Health Plc,191.488,0.0,160.0,"IPO,Primary Share Offering",628.595,6.25,11.25,"Jefferies, Peel Hunt LLP",Common,628.595
TGYM IM,2016-04-04,2016-05-03,2016-04-04,2016-05-03,TGYM IM,Technogym SpA,212.944,50.0,3.25,"IPO,Secondary Share Offering,PE Backed,PE Exit,REG S,Rule 144A",743.6,11.19999981,11.38461494,"Goldman Sachs, JP Morgan, Mediobanca",Common,743.6
THULE SS,2014-11-04,2014-11-26,2014-11-04,2014-11-26,THULE SS,Thule Group AB,247.217,26.087,70.0,"IPO,Secondary Share Offering,PE Backed,PE Exit,REG S,Rule 144A",946.79,14.28571415,11.428571699999999,"Goldman Sachs, Morgan Stanley, Nordea Bank Abp",Common,946.79
ALD LN,2015-02-24,2015-03-10,2015-02-24,2015-03-10,ALD LN,Aldermore Group PLC,402.578,0.0,192.0,"IPO,Primary Share Offering,Secondary Share Offering,PE Backed,PE Exit",982.815,8.333333015,11.45833302,"Credit Suisse, Deutsche Bank, RBC Capital Markets",Common,982.815
FDM LN,2014-06-17,2014-06-20,2014-06-17,2014-06-20,FDM LN,FDM Group Holdings PLC,411.728,84.5619,287.0,"IPO,Primary Share Offering",523.506,9.756097794,11.49825764,Investec,Common,523.506
INW IM,2015-05-21,2015-06-22,2015-05-21,2015-06-22,INW IM,Infrastrutture Wireless Italia,974.351,218.0,3.65,"IPO,Secondary Share Offering,Best Efforts,REG S,Rule 144A",2467.04,6.849312305,11.50684643,"Intesa Sanpaolo, Deutsche Bank, Mediobanca, UBS",Common,2467.04
TSB LN,2014-05-27,2014-06-20,2014-05-27,2014-06-20,TSB LN,TSB Banking Group PLC,840.089,125.0,260.0,"IPO,Secondary Share Offering",2211.3,11.73076916,11.53846169,"JP Morgan, UBS, Citi",Common,2211.3
SBRE LN,2017-11-13,2017-12-06,2017-11-13,2017-12-06,SBRE LN,Sabre Insurance Group PLC,414.699,125.0,230.0,"IPO,Primary Share Offering,Secondary Share Offering,Best Efforts,PE Backed,PE Exit,REG S,Rule 144A",769.177,3.478260756,11.73913002,"Barclays, Numis",Common,769.177
SRCG SW,2015-01-14,2015-02-06,2015-01-14,2015-02-06,SRCG SW,Sunrise Communications Group A,2232.51,27.6,68.0,"IPO,Primary Share Offering,Secondary Share Offering,PE Backed,PE Exit,REG S,Rule 144A",3612.69,2.941176414,11.76470566,"Deutsche Bank, Joh Berenberg Gossler & Co KG, Morgan Stanley, UBS",Common,3612.69
1COV GR,2015-09-04,2015-10-06,2015-09-04,2015-10-06,1COV GR,Covestro AG,1671.6,69.7674,24.0,"IPO,Primary Share Offering,REG S,Rule 144A",5463.61,8.333333015,11.875,"Bank of America Merrill Lynch, Citi, Credit Suisse, Deutsche Bank, JP Morgan, Morgan Stanley, UBS",Common,5463.61
MKT LN,2014-12-08,2014-12-22,2014-12-08,2014-12-22,MKT LN,Market Tech Holdings Ltd,156.39,50.0,200.0,"IPO,Primary Share Offering,Best Efforts,Sub Sector Flag,REG S",1174.05,12.0,12.5,"Jefferies, Joh Berenberg Gossler & Co KG, Shore Capital Group Ltd",Common,1174.05
BCART BB,2015-04-15,2015-04-27,2015-04-15,2015-04-27,BCART BB,Biocartis NV,122.12,8.6957,11.5,"IPO,Primary Share Offering,Best Efforts,REG S,Rule 144A",504.835,17.39130402,13.04347801,"KBC Group, Kempen & Co NV, Banque Degroof Petercam SA",Common,504.835
FLOW NA,2015-06-18,2015-07-10,2015-06-18,2015-07-10,FLOW NA,Flow Traders,681.719,16.2871,32.0,"IPO,Secondary Share Offering,Best Efforts,PE Backed,PE Exit,REG S,Rule 144A",1638.07,6.25,13.125,"ABN Amro Bank NV, Credit Suisse, Morgan Stanley, UBS",Common,1638.07
WOSG LN,2019-05-09,2019-05-30,2019-05-09,2019-05-30,WOSG LN,Watches of Switzerland Group P,315.108,0.0,270.0,"IPO,Primary Share Offering,Secondary Share Offering,PE Backed,PE Exit,Rule 144A",815.405,14.44444466,13.29629612,"Barclays, BNP Paribas, Goldman Sachs, Investec",Common,815.405
SRAIL SW,2019-03-19,2019-04-12,2019-03-19,2019-04-12,SRAIL SW,Stadler Rail AG,1530.72,35.0,38.0,"IPO,Secondary Share Offering,REG S,Rule 144A",0.0,10.52631569,13.42105293,"BNP Paribas, Citi, Credit Suisse, UBS, Zuercher Kantonalbank",Common,4301.3972055888225
CWD LN,2013-02-20,2013-03-20,2013-02-20,2013-03-20,CWD LN,Countrywide PLC,342.459,0.0,350.0,"IPO,Primary Share Offering,PE Backed",1160.15,10.0,13.428571699999999,"Credit Suisse, Goldman Sachs, Jefferies, BMO Capital Markets",Common,1160.15
BFSA GR,2017-10-06,2017-11-03,2017-10-06,2017-11-03,BFSA GR,Befesa SA,529.654,16.4542,28.0,"IPO,Secondary Share Offering,Best Efforts,PE Backed,PE Exit,REG S,Rule 144A",1111.83,0.0,13.47500038,"Citi, JP Morgan, Goldman Sachs, Banco Santander, Commerzbank, Joh Berenberg Gossler & Co KG, Stifel",Common,1111.83
CMBN SW,2013-10-03,2013-10-30,2013-10-03,2013-10-30,CMBN SW,Cembra Money Bank AG,1162.44,18.0,51.0,"IPO,Secondary Share Offering",1708.16,6.862745285,13.52941132,"Bank of America Merrill Lynch, Credit Suisse, Deutsche Bank",Common,1708.16
DOV IM,2017-06-14,2017-07-14,2017-06-14,2017-07-14,DOV IM,doValue SpA,387.261,28.5,9.0,"IPO,Secondary Share Offering,PE Backed,PE Exit,REG S,Rule 144A",822.312,11.11111069,13.88888931,"Citi, JP Morgan, UniCredit",Common,822.312
HOFI SS,2015-02-26,2015-03-25,2015-02-26,2015-03-25,HOFI SS,Hoist Finance AB,340.575,40.7252,58.0,"IPO,Primary Share Offering,Secondary Share Offering,Best Efforts,REG S,Rule 144A",536.837,12.06896591,13.96551704,"Carnegie, Citi, Morgan Stanley",Common,536.837
GLV LN,2017-10-02,2017-10-10,2017-10-02,2017-10-10,GLV LN,Glenveagh Properties PLC,645.865,500.0,1.0,"IPO,Primary Share Offering,Dual Listing,REG S,Rule 144A",783.316,15.0,14.0,"Credit Suisse, Davy",Common,783.316
TC1 GR,2014-09-30,2015-01-23,2014-09-30,2015-01-23,TC1 GR,Tele Columbus AG,644.363,52.7725,10.0,"IPO,Primary Share Offering,Secondary Share Offering,REG S,Rule 144A",579.039,7.0,14.0,"Bank of America Merrill Lynch, Goldman Sachs, Joh Berenberg Gossler & Co KG, JP Morgan",Common,579.039
ISS DC,2014-02-18,2014-03-13,2014-02-18,2014-03-13,ISS DC,ISS A/S,1737.3,51.3999,160.0,"IPO,Primary Share Offering,Secondary Share Offering,PE Backed,PE Exit",5515.4,9.375,14.1875,"Goldman Sachs, Barclays, Morgan Stanley, Nordea Bank Abp, UBS",Common,5515.4
GLV ID,2017-10-02,2017-10-10,2017-10-02,2017-10-10,GLV ID,Glenveagh Properties PLC,645.865,500.0,1.0,"IPO,Primary Share Offering,Dual Listing,REG S,Rule 144A",783.316,16.0,14.19999981,"Credit Suisse, Davy",Common,783.316
GIB GR,2011-03-31,2011-04-15,2011-03-31,2011-04-15,GIB GR,GSW Immobilien AG,663.591,0.0,19.0,"IPO,Primary Share Offering,Secondary Share Offering",0.0,0.5263158083,14.21052647,"Goldman Sachs, Deutsche Bank",Common,1286.464121590461
ROSE SW,2017-06-08,2017-07-06,2017-06-08,2017-07-06,ROSE SW,Zur Rose Group AG,260.395,1.8061,140.0,"IPO,Primary Share Offering,Secondary Share Offering,Best Efforts,REG S,Rule 144A",904.661,7.857142925,14.21428585,"Joh Berenberg Gossler & Co KG, UBS",Common,904.661
ADEB NO,2019-04-01,2019-04-10,2019-04-01,2019-04-10,ADEB NO,Adevinta ASA,384.906,36.8931,78.0,"IPO,Secondary Share Offering,Rule 144A",6220.01,5.128205299,14.21794891,"Arctic Securities, JP Morgan, SEB",Class B,6220.01
VACN SW,2016-03-08,2016-04-14,2016-03-08,2016-04-14,VACN SW,VAT Group AG,624.121,12.0,45.0,"IPO,Secondary Share Offering,PE Backed,PE Exit,REG S,Rule 144A",1396.07,15.55555534,14.55555534,"Credit Suisse, JP Morgan, UBS",Common,1396.07
CRL IM,2018-05-07,2018-06-11,2018-05-07,2018-06-11,CRL IM,Carel Industries SpA,300.712,35.0,7.2,"IPO,Secondary Share Offering,REG S,Rule 144A",0.0,10.4305582,14.58333683,"Goldman Sachs, Mediobanca",Common,972.5100000000001
ZIGGO NA,2012-02-29,2012-03-21,2012-02-29,2012-03-21,ZIGGO NA,Ziggo Holding BV,1235.52,43.5,18.5,"IPO,Secondary Share Offering,PE Backed,PE Exit",0.0,14.59459496,14.8648653,"Deutsche Bank, JP Morgan, Morgan Stanley, UBS",Common,5609.1500000000015
VAR1 GR,2016-11-03,2017-10-19,2016-11-03,2017-10-19,VAR1 GR,Varta AG,259.433,11.6,17.5,"IPO,Primary Share Offering,Secondary Share Offering,Best Efforts,REG S,Rule 144A",787.961,38.57143021,14.88000011,"Joh Berenberg Gossler & Co KG, UniCredit",Common,787.961
SFR FP,2013-09-19,2013-11-08,2013-09-19,2013-11-08,SFR FP,Altice France SA/France,1012.46,32.1267,24.8,"IPO,Primary Share Offering,Secondary Share Offering,PE Backed,PE Exit",4108.74,2.822583914,14.91935825,"Deutsche Bank, JP Morgan, Credit Agricole CIB, HSBC, Morgan Stanley",Common,4108.74
JUP LN,2010-05-18,2010-06-16,2010-05-18,2010-06-16,JUP LN,Jupiter Fund Management PLC,398.078,0.0,165.0,"IPO,Primary Share Offering,Secondary Share Offering,PE Backed,PE Exit",1118.84,6.363636494,15.15151501,"Bank of America Merrill Lynch, JP Morgan",Common,1118.84
DOM SS,2015-11-02,2015-11-25,2015-11-02,2015-11-25,DOM SS,Dometic Group AB,633.374,108.9,48.0,"IPO,Primary Share Offering,Secondary Share Offering,PE Backed,PE Exit,Rule 144A",1687.51,6.25,15.41666698,"Carnegie, Jefferies, Morgan Stanley, SEB, UBS",Common,1687.51
COLL SS,2015-05-15,2015-06-10,2015-05-15,2015-06-10,COLL SS,Collector AB,121.736,18.1818,55.0,"IPO,Primary Share Offering,Secondary Share Offering",601.376,9.090909004,15.63636398,SEB,Common,601.376
CRST LN,2013-01-21,2013-02-13,2013-01-21,2013-02-13,CRST LN,Crest Nicholson Holdings plc,391.774,0.0,220.0,"IPO,Primary Share Offering,Secondary Share Offering",860.686,15.0,15.909091,"Barclays, HSBC",Common,860.686
FOXT LN,2013-08-27,2013-09-20,2013-08-27,2013-09-20,FOXT LN,Foxtons Group PLC,666.123,0.0,230.0,"IPO,Primary Share Offering,Secondary Share Offering,PE Backed,PE Exit",1039.31,19.347826,16.08695602,"Credit Suisse, Numis",Common,1039.31
MCS LN,2015-10-14,2015-11-06,2015-10-14,2015-11-06,MCS LN,McCarthy & Stone PLC,597.903,0.0,180.0,"IPO,Primary Share Offering,Secondary Share Offering,PE Backed,PE Exit,REG S,Rule 144A",1454.43,16.11111069,16.25,"Deutsche Bank, Goldman Sachs, Jefferies",Common,1454.43
ED4 GR,2015-11-04,2015-12-02,2015-11-04,2015-12-02,ED4 GR,EDAG Engineering Group AG,207.554,8.75,19.0,"IPO,Secondary Share Offering,PE Backed,PE Exit,REG S,Rule 144A",504.26,2.894736767,16.31579018,"Deutsche Bank, Morgan Stanley",Common,504.26
SCT LN,2015-10-19,2015-11-13,2015-10-19,2015-11-13,SCT LN,Softcat PLC,272.973,0.0,240.0,"IPO,Secondary Share Offering,REG S,Rule 144A",718.119,10.41666698,16.66666603,"Credit Suisse, Jefferies",Common,718.119
PA/ LN,2013-05-13,2013-06-07,2013-05-13,2013-06-07,PA/ LN,Partnership Assurance Group Lt,853.002,0.0,385.0,"IPO,Primary Share Offering,Secondary Share Offering,PE Backed,PE Exit",2392.39,17.01298714,16.88311768,"Morgan Stanley, Bank of America Merrill Lynch",Common,2392.39
MCOVB SS,2017-05-02,2017-05-23,2017-05-02,2017-05-23,MCOVB SS,Medicover AB,264.478,41.4429,56.0,"IPO,Primary Share Offering,Secondary Share Offering,Best Efforts,REG S",857.893,10.26785755,16.9642849,"Carnegie, Jefferies, Nordea Bank Abp, SEB",Class B,857.893
TRN LN,2019-05-29,2019-06-21,2019-05-29,2019-06-21,TRN LN,Trainline PLC,1379.77,189.4,350.0,"IPO,Primary Share Offering,Secondary Share Offering,PE Backed,PE Exit,REG S,Rule 144A",2137.37,14.28571415,17.4285717,"Barclays, JP Morgan, Kohlberg Kravis Roberts & Co, Morgan Stanley, Numis",Common,2137.37
ARION IR,2018-05-17,2018-06-15,2018-05-17,2018-06-15,ARION IR,Arion Banki HF,374.334,724.0,75.0,"IPO,Secondary Share Offering,Best Efforts,Dual Listing,REG S,Rule 144A",1391.34,14.66666698,18.39999962,"Arion Banki HF, Carnegie, Citi, Deutsche Bank, Goldman Sachs, Morgan Stanley",Common,1391.34
BET LN,2010-09-21,2010-10-22,2010-09-21,2010-10-22,BET LN,Betfair Group Ltd,399.15,0.0,1300.0,"IPO,Secondary Share Offering,VC Backed,VC Exit",0.0,15.38461494,19.23077011,"Goldman Sachs, Morgan Stanley",Common,2599.7867575435644
NETW LN,2019-03-21,2019-04-10,2019-03-21,2019-04-10,NETW LN,Network International Holdings,1590.54,299.95,435.0,"IPO,Secondary Share Offering,REG S,Rule 144A",2852.08,18.39080429,20.0,"Barclays, Citi, Emirates NBD PJSC, Goldman Sachs, JP Morgan, Morgan Stanley",Common,2852.08
MTRS SS,2017-04-27,2017-05-19,2017-04-27,2017-05-19,MTRS SS,Munters Group AB,511.378,73.4391,55.0,"IPO,Primary Share Offering,Secondary Share Offering,PE Backed,PE Exit,REG S,Rule 144A",1137.38,18.18181801,20.09090996,"Carnegie, Danske Bank, Goldman Sachs, Jefferies, Nordea Bank Abp",Common,1137.38
AENA SM,2015-01-23,2015-02-11,2015-01-23,2015-02-11,AENA SM,Aena SME SA,4798.0,38.1818,58.0,"IPO,Secondary Share Offering,Government Exit,REG S,Rule 144A",9841.44,12.24137974,20.6896553,"Banco Bilbao Vizcaya Argentaria, Banco Santander, Bank of America Merrill Lynch, Goldman Sachs, HSBC, JP Morgan, Morgan Stanley",Common,9841.44
OW DC,2014-03-18,2014-03-28,2014-03-18,2014-03-28,OW DC,OW Bunker A/S,582.529,0.0,145.0,"IPO,Primary Share Offering,Secondary Share Offering,PE Backed,PE Exit",982.225,17.93103409,20.6896553,"Morgan Stanley, Nordea Bank Abp, Carnegie, Sveriges Riksbank",Common,982.225
AHSL SS,2016-10-06,2016-10-28,2016-10-06,2016-10-28,AHSL SS,Ahlsell AB,803.245,131.929,46.0,"IPO,Secondary Share Offering,PE Backed,PE Exit,REG S,Rule 144A",2137.14,4.347826004,21.73913002,"Carnegie, Danske Bank, Deutsche Bank, Goldman Sachs, JP Morgan, Nordea Bank Abp, UBS",Common,2137.14
GIMA IM,2017-06-29,2017-10-02,2017-06-29,2017-10-02,GIMA IM,Gima TT SpA,440.055,30.8,12.5,"IPO,Secondary Share Offering,Best Efforts,REG S,Rule 144A",1296.24,14.0,22.39999962,"Bank of America Merrill Lynch, Equita SIM SpA, Mediobanca, UniCredit",Common,1296.24
AAG GR,2017-02-27,2017-03-24,2017-02-27,2017-03-24,AAG GR,Aumann AG,266.33,5.2,42.0,"IPO,Primary Share Offering,Secondary Share Offering,PE Backed,PE Exit,REG S,Rule 144A",633.923,5.238095284,22.61904716,"Citi, Hauck & Aufhaeuser Privatbankiers KGaA, Joh Berenberg Gossler & Co KG",Common,633.923
PLND LN,2014-02-18,2014-03-12,2014-02-18,2014-03-12,PLND LN,Poundland Group Ltd,720.015,0.0,300.0,"IPO,Secondary Share Offering,PE Backed,PE Exit",1245.83,18.33333397,23.33333397,"Credit Suisse, JP Morgan",Common,1245.83
PNDORA DC,2010-09-07,2010-10-05,2010-09-07,2010-10-05,PNDORA DC,Pandora A/S,1942.56,0.0,210.0,"IPO,Primary Share Offering,Secondary Share Offering,VC Backed,PE Backed,PE Exit",5000.74,7.380952358,25.23809433,"Goldman Sachs, JP Morgan, Morgan Stanley, Nordea Bank Abp",Common,5000.74
IDHC LN,2015-01-13,2015-05-06,2015-01-13,2015-05-06,IDHC LN,Integrated Diagnostics Holding,333.75,0.0,4.45,"IPO,Secondary Share Offering,PE Backed,PE Exit,REG S,Rule 144A",667.5,13.48315048,25.84270287,"Citi, Deutsche Bank, EFG-Hermes",Common,667.5
H24 GR,2018-05-18,2018-06-15,2018-05-18,2018-06-15,H24 GR,Home24 SE,203.274,7.6923,23.0,"IPO,Primary Share Offering,VC Backed",0.0,23.91304398,27.82608604,"Citi, Goldman Sachs, Joh Berenberg Gossler & Co KG",Common,852.9161854752
SENS SW,2018-02-27,2018-03-22,2018-02-27,2018-03-22,SENS SW,Sensirion Holding AG,338.607,8.1143,36.0,"IPO,Primary Share Offering,Secondary Share Offering,Best Efforts,REG S,Rule 144A",529.466,30.55555534,28.73611069,"Credit Suisse, JP Morgan",Common,529.466
MED SW,2018-02-27,2018-03-23,2018-02-27,2018-03-23,MED SW,Medartis Holding AG,153.088,2.8409,48.0,"IPO,Primary Share Offering,Best Efforts,VC Backed,REG S,Rule 144A",592.008,12.5,29.08333397,"Bryan Garnier & Company Ltd, Zuercher Kantonalbank",Common,592.008
IHP LN,2018-01-22,2018-02-27,2018-01-22,2018-02-27,IHP LN,IntegraFin Holdings PLC,247.946,0.0,196.0,"IPO,Secondary Share Offering,REG S",904.212,17.34693909,29.33673477,Peel Hunt LLP,Common,904.212
NETC DC,2018-05-08,2018-06-07,2018-05-08,2018-06-07,NETC DC,Netcompany Group A/S,568.608,20.0,155.0,"IPO,Secondary Share Offering,PE Backed,PE Exit,REG S,Rule 144A",1228.66,16.12903214,29.67741966,"Danske Bank, Deutsche Bank, Morgan Stanley, SEB",Common,1228.66
ALFA LN,2017-05-08,2017-05-26,2017-05-08,2017-05-26,ALFA LN,Alfa Financial Software Holdin,359.487,0.0,325.0,"IPO,Secondary Share Offering,REG S,Rule 144A",1247.61,29.23077011,32.23077011,"Barclays, Numis",Common,1247.61
LIFCOB SS,2014-10-27,2014-11-21,2014-10-27,2014-11-21,LIFCOB SS,Lifco AB,577.459,34.6024,93.0,"IPO,Secondary Share Offering,Rule 144A",1138.52,18.27956963,32.25806427,SEB,Class B,1138.52
AO/ LN,2014-02-07,2014-02-26,2014-02-07,2014-02-26,AO/ LN,AO World PLC,797.627,148.465,285.0,"IPO,Primary Share Offering,Secondary Share Offering",1996.44,33.33333206,32.63158035,"Jefferies, JP Morgan, Numis",Common,1996.44
AJB LN,2018-11-19,2018-12-07,2018-11-19,2018-12-07,AJB LN,AJ Bell PLC,222.781,108.08,160.0,"IPO,Secondary Share Offering,REG S",828.057,1.25,37.5,Numis,Common,828.057
RMG LN,2013-07-10,2013-10-11,2013-07-10,2013-10-11,RMG LN,Royal Mail PLC,2957.72,521.739,330.0,"IPO,Secondary Share Offering,Government Exit",5267.46,36.36363602,37.87878799,"Bank of America Merrill Lynch, Barclays, Goldman Sachs, UBS",Common,5267.46
ATT SS,2015-11-11,2015-11-30,2015-11-11,2015-11-30,ATT SS,Attendo AB,547.951,72.0,50.0,"IPO,Primary Share Offering,Secondary Share Offering,PE Backed,PE Exit,REG S,Rule 144A",913.294,31.0,40.0,"Carnegie, Nordea Bank Abp, SEB",Common,913.294
BOO LN,2014-02-28,2014-03-14,2014-02-28,2014-03-14,BOO LN,boohoo Group PLC,501.84,0.0,50.0,"IPO,Primary Share Offering,Best Efforts,Sub Sector Flag",936.832,70.0,40.0,,Common,936.832
BLUE FP,2013-10-17,2013-10-30,2013-10-17,2013-10-30,BLUE FP,Blue Solutions,62.8412,2.8838,14.5,"IPO,Secondary Share Offering",574.582,14.13793087,44.55172348,"Deutsche Bank, BNP Paribas, Credit Agricole CIB, HSBC",Common,574.582
MONC IM,2013-10-14,2013-12-16,2013-10-14,2013-12-16,MONC IM,Moncler SpA,1063.77,66.8,10.2,"IPO,Secondary Share Offering,PE Backed,PE Exit",3519.77,41.17647171,46.76470947,"Intesa Sanpaolo, Bank of America Merrill Lynch, Goldman Sachs, JP Morgan, Mediobanca, Nomura, UBS",Common,3519.77
BC IM,2012-02-03,2012-04-27,2012-02-03,2012-04-27,BC IM,Brunello Cucinelli SpA,228.5,20.4,7.75,"IPO,Primary Share Offering,Secondary Share Offering",692.267,31.61290359,49.67741776,"Bank of America Merrill Lynch, Mediobanca",Common,692.267
ADYEN NA,2018-05-24,2018-06-13,2018-05-24,2018-06-13,ADYEN NA,Adyen NV,1110.9,4.1891,240.0,"IPO,Secondary Share Offering,Best Efforts,VC Backed,VC Exit,PE Backed,PE Exit,REG S,Rule 144A",8320.59,66.66666412,89.58333588,"ABN Amro Bank NV, Bank of America Merrill Lynch, Citi, JP Morgan, Morgan Stanley",Common,8320.59
PDSA NO,2011-03-31,2011-04-05,2011-03-31,2011-04-05,PDSA NO,Pacific Drilling SA,1500.0,0.0,10.0,"IPO,Primary Share Offering",2100.0,,,"DNB ASA, Pareto Securities, Clarksons Platou Securities",Common,2100.0
